USE [RulersCourt]
GO
SET IDENTITY_INSERT [dbo].[M_Emirates] ON 

INSERT [dbo].[M_Emirates] ([EmiratesID], [EmiratesName], [ArEmiratesName], [DisplayOrder], [DeleteFlag], [CreatedBy], [UpdatedBy], [CreatedDateTime], [UpdatedDateTime]) VALUES (1, N'Abu Dhabi', N'إمارة ابوظبي', N'1', 0, NULL, NULL, NULL, NULL)
INSERT [dbo].[M_Emirates] ([EmiratesID], [EmiratesName], [ArEmiratesName], [DisplayOrder], [DeleteFlag], [CreatedBy], [UpdatedBy], [CreatedDateTime], [UpdatedDateTime]) VALUES (2, N'Dubai', N'إمارة دبي', N'2', 0, NULL, NULL, NULL, NULL)
INSERT [dbo].[M_Emirates] ([EmiratesID], [EmiratesName], [ArEmiratesName], [DisplayOrder], [DeleteFlag], [CreatedBy], [UpdatedBy], [CreatedDateTime], [UpdatedDateTime]) VALUES (3, N'Sharjah', N'إمارة الشارقة', N'3', 0, NULL, NULL, NULL, NULL)
INSERT [dbo].[M_Emirates] ([EmiratesID], [EmiratesName], [ArEmiratesName], [DisplayOrder], [DeleteFlag], [CreatedBy], [UpdatedBy], [CreatedDateTime], [UpdatedDateTime]) VALUES (4, N'Ajman', N'إمارة عجمان', N'4', 0, NULL, NULL, NULL, NULL)
INSERT [dbo].[M_Emirates] ([EmiratesID], [EmiratesName], [ArEmiratesName], [DisplayOrder], [DeleteFlag], [CreatedBy], [UpdatedBy], [CreatedDateTime], [UpdatedDateTime]) VALUES (5, N'Umm al quwain', N'إمارة ام القيوين', N'5', 0, NULL, NULL, NULL, NULL)
INSERT [dbo].[M_Emirates] ([EmiratesID], [EmiratesName], [ArEmiratesName], [DisplayOrder], [DeleteFlag], [CreatedBy], [UpdatedBy], [CreatedDateTime], [UpdatedDateTime]) VALUES (6, N'Ras al khaimah', N'إمارة راس الخيمة', N'6', 0, NULL, NULL, NULL, NULL)
INSERT [dbo].[M_Emirates] ([EmiratesID], [EmiratesName], [ArEmiratesName], [DisplayOrder], [DeleteFlag], [CreatedBy], [UpdatedBy], [CreatedDateTime], [UpdatedDateTime]) VALUES (7, N'Fujairah', N'إمارة الفجيرة', N'7', 0, NULL, NULL, NULL, NULL)
SET IDENTITY_INSERT [dbo].[M_Emirates] OFF
SET IDENTITY_INSERT [dbo].[M_CityAndEmirates] ON 

INSERT [dbo].[M_CityAndEmirates] ([ID], [EmiratesID], [CityID], [DeleteFlag], [CreatedBy], [CreatedDateTime], [UpdatedBy], [UpdatedDateTime]) VALUES (1, 1, 1, 0, NULL, NULL, NULL, NULL)
INSERT [dbo].[M_CityAndEmirates] ([ID], [EmiratesID], [CityID], [DeleteFlag], [CreatedBy], [CreatedDateTime], [UpdatedBy], [UpdatedDateTime]) VALUES (2, 1, 2, 0, NULL, NULL, NULL, NULL)
INSERT [dbo].[M_CityAndEmirates] ([ID], [EmiratesID], [CityID], [DeleteFlag], [CreatedBy], [CreatedDateTime], [UpdatedBy], [UpdatedDateTime]) VALUES (3, 1, 3, 0, NULL, NULL, NULL, NULL)
INSERT [dbo].[M_CityAndEmirates] ([ID], [EmiratesID], [CityID], [DeleteFlag], [CreatedBy], [CreatedDateTime], [UpdatedBy], [UpdatedDateTime]) VALUES (4, 1, 4, 0, NULL, NULL, NULL, NULL)
INSERT [dbo].[M_CityAndEmirates] ([ID], [EmiratesID], [CityID], [DeleteFlag], [CreatedBy], [CreatedDateTime], [UpdatedBy], [UpdatedDateTime]) VALUES (5, 1, 5, 0, NULL, NULL, NULL, NULL)
INSERT [dbo].[M_CityAndEmirates] ([ID], [EmiratesID], [CityID], [DeleteFlag], [CreatedBy], [CreatedDateTime], [UpdatedBy], [UpdatedDateTime]) VALUES (6, 1, 6, 0, NULL, NULL, NULL, NULL)
INSERT [dbo].[M_CityAndEmirates] ([ID], [EmiratesID], [CityID], [DeleteFlag], [CreatedBy], [CreatedDateTime], [UpdatedBy], [UpdatedDateTime]) VALUES (7, 1, 7, 0, NULL, NULL, NULL, NULL)
INSERT [dbo].[M_CityAndEmirates] ([ID], [EmiratesID], [CityID], [DeleteFlag], [CreatedBy], [CreatedDateTime], [UpdatedBy], [UpdatedDateTime]) VALUES (8, 1, 8, 0, NULL, NULL, NULL, NULL)
INSERT [dbo].[M_CityAndEmirates] ([ID], [EmiratesID], [CityID], [DeleteFlag], [CreatedBy], [CreatedDateTime], [UpdatedBy], [UpdatedDateTime]) VALUES (9, 2, 9, 0, NULL, NULL, NULL, NULL)
INSERT [dbo].[M_CityAndEmirates] ([ID], [EmiratesID], [CityID], [DeleteFlag], [CreatedBy], [CreatedDateTime], [UpdatedBy], [UpdatedDateTime]) VALUES (10, 2, 10, 0, NULL, NULL, NULL, NULL)
INSERT [dbo].[M_CityAndEmirates] ([ID], [EmiratesID], [CityID], [DeleteFlag], [CreatedBy], [CreatedDateTime], [UpdatedBy], [UpdatedDateTime]) VALUES (11, 2, 11, 0, NULL, NULL, NULL, NULL)
INSERT [dbo].[M_CityAndEmirates] ([ID], [EmiratesID], [CityID], [DeleteFlag], [CreatedBy], [CreatedDateTime], [UpdatedBy], [UpdatedDateTime]) VALUES (12, 3, 12, 0, NULL, NULL, NULL, NULL)
INSERT [dbo].[M_CityAndEmirates] ([ID], [EmiratesID], [CityID], [DeleteFlag], [CreatedBy], [CreatedDateTime], [UpdatedBy], [UpdatedDateTime]) VALUES (13, 3, 13, 0, NULL, NULL, NULL, NULL)
INSERT [dbo].[M_CityAndEmirates] ([ID], [EmiratesID], [CityID], [DeleteFlag], [CreatedBy], [CreatedDateTime], [UpdatedBy], [UpdatedDateTime]) VALUES (14, 3, 14, 0, NULL, NULL, NULL, NULL)
INSERT [dbo].[M_CityAndEmirates] ([ID], [EmiratesID], [CityID], [DeleteFlag], [CreatedBy], [CreatedDateTime], [UpdatedBy], [UpdatedDateTime]) VALUES (15, 3, 15, 0, NULL, NULL, NULL, NULL)
INSERT [dbo].[M_CityAndEmirates] ([ID], [EmiratesID], [CityID], [DeleteFlag], [CreatedBy], [CreatedDateTime], [UpdatedBy], [UpdatedDateTime]) VALUES (16, 3, 16, 0, NULL, NULL, NULL, NULL)
INSERT [dbo].[M_CityAndEmirates] ([ID], [EmiratesID], [CityID], [DeleteFlag], [CreatedBy], [CreatedDateTime], [UpdatedBy], [UpdatedDateTime]) VALUES (17, 4, 17, 0, NULL, NULL, NULL, NULL)
INSERT [dbo].[M_CityAndEmirates] ([ID], [EmiratesID], [CityID], [DeleteFlag], [CreatedBy], [CreatedDateTime], [UpdatedBy], [UpdatedDateTime]) VALUES (18, 5, 18, 0, NULL, NULL, NULL, NULL)
INSERT [dbo].[M_CityAndEmirates] ([ID], [EmiratesID], [CityID], [DeleteFlag], [CreatedBy], [CreatedDateTime], [UpdatedBy], [UpdatedDateTime]) VALUES (19, 6, 19, 0, NULL, NULL, NULL, NULL)
INSERT [dbo].[M_CityAndEmirates] ([ID], [EmiratesID], [CityID], [DeleteFlag], [CreatedBy], [CreatedDateTime], [UpdatedBy], [UpdatedDateTime]) VALUES (20, 6, 20, 1, NULL, NULL, NULL, NULL)
INSERT [dbo].[M_CityAndEmirates] ([ID], [EmiratesID], [CityID], [DeleteFlag], [CreatedBy], [CreatedDateTime], [UpdatedBy], [UpdatedDateTime]) VALUES (21, 7, 21, 0, NULL, NULL, NULL, NULL)
INSERT [dbo].[M_CityAndEmirates] ([ID], [EmiratesID], [CityID], [DeleteFlag], [CreatedBy], [CreatedDateTime], [UpdatedBy], [UpdatedDateTime]) VALUES (22, 1, 23, NULL, NULL, NULL, NULL, NULL)
SET IDENTITY_INSERT [dbo].[M_CityAndEmirates] OFF
SET IDENTITY_INSERT [dbo].[AnnouncementTypeAndDescription] ON 

INSERT [dbo].[AnnouncementTypeAndDescription] ([AnnouncementTypeID], [AnnouncementTypeName], [Description]) VALUES (1, N'Test1', N'Desc1')
SET IDENTITY_INSERT [dbo].[AnnouncementTypeAndDescription] OFF
SET IDENTITY_INSERT [dbo].[M_City] ON 

INSERT [dbo].[M_City] ([CityID], [CityName], [ArCityName], [CountryID], [DisplayOrder], [DeleteFlag], [CreatedBy], [UpdatedBy], [CreatedDateTime], [UpdatedDateTime]) VALUES (1, N'Al Ain', N'العين', 1, N'1', 0, NULL, NULL, NULL, NULL)
INSERT [dbo].[M_City] ([CityID], [CityName], [ArCityName], [CountryID], [DisplayOrder], [DeleteFlag], [CreatedBy], [UpdatedBy], [CreatedDateTime], [UpdatedDateTime]) VALUES (2, N'Madinat Zayed', N'مدينة زايد', 1, N'2', 0, NULL, NULL, NULL, NULL)
INSERT [dbo].[M_City] ([CityID], [CityName], [ArCityName], [CountryID], [DisplayOrder], [DeleteFlag], [CreatedBy], [UpdatedBy], [CreatedDateTime], [UpdatedDateTime]) VALUES (3, N'Liwa Oasis', N'ليوا', 1, N'3', 0, NULL, NULL, NULL, NULL)
INSERT [dbo].[M_City] ([CityID], [CityName], [ArCityName], [CountryID], [DisplayOrder], [DeleteFlag], [CreatedBy], [UpdatedBy], [CreatedDateTime], [UpdatedDateTime]) VALUES (4, N'Ghayathi', N'غياثي', 4, N'4', 0, N'7', NULL, CAST(N'2019-10-19T19:37:55.683' AS DateTime), NULL)
INSERT [dbo].[M_City] ([CityID], [CityName], [ArCityName], [CountryID], [DisplayOrder], [DeleteFlag], [CreatedBy], [UpdatedBy], [CreatedDateTime], [UpdatedDateTime]) VALUES (5, N'Ruwais', N'الرويس', 4, N'5', 0, NULL, NULL, NULL, NULL)
INSERT [dbo].[M_City] ([CityID], [CityName], [ArCityName], [CountryID], [DisplayOrder], [DeleteFlag], [CreatedBy], [UpdatedBy], [CreatedDateTime], [UpdatedDateTime]) VALUES (6, N'Sila', N'السلع', 4, N'6', 0, NULL, NULL, NULL, NULL)
INSERT [dbo].[M_City] ([CityID], [CityName], [ArCityName], [CountryID], [DisplayOrder], [DeleteFlag], [CreatedBy], [UpdatedBy], [CreatedDateTime], [UpdatedDateTime]) VALUES (7, N'Al Mirfa', N'المرفأ', 4, N'7', 0, NULL, NULL, NULL, NULL)
INSERT [dbo].[M_City] ([CityID], [CityName], [ArCityName], [CountryID], [DisplayOrder], [DeleteFlag], [CreatedBy], [UpdatedBy], [CreatedDateTime], [UpdatedDateTime]) VALUES (8, N'Dalma', N'جزيرة دلما', 4, N'8', 0, NULL, NULL, NULL, NULL)
INSERT [dbo].[M_City] ([CityID], [CityName], [ArCityName], [CountryID], [DisplayOrder], [DeleteFlag], [CreatedBy], [UpdatedBy], [CreatedDateTime], [UpdatedDateTime]) VALUES (9, N'Jebel Ali', N'جبل علي', 4, N'9', 0, NULL, NULL, NULL, NULL)
INSERT [dbo].[M_City] ([CityID], [CityName], [ArCityName], [CountryID], [DisplayOrder], [DeleteFlag], [CreatedBy], [UpdatedBy], [CreatedDateTime], [UpdatedDateTime]) VALUES (10, N'Al Qouz', N'القوز', 4, N'10', 0, NULL, NULL, NULL, NULL)
INSERT [dbo].[M_City] ([CityID], [CityName], [ArCityName], [CountryID], [DisplayOrder], [DeleteFlag], [CreatedBy], [UpdatedBy], [CreatedDateTime], [UpdatedDateTime]) VALUES (11, N'Hatta', N'حتا', 4, N'11', 0, NULL, NULL, NULL, NULL)
INSERT [dbo].[M_City] ([CityID], [CityName], [ArCityName], [CountryID], [DisplayOrder], [DeleteFlag], [CreatedBy], [UpdatedBy], [CreatedDateTime], [UpdatedDateTime]) VALUES (12, N'Khor Fakkan', N'خورفكان', 4, N'12', 0, NULL, NULL, NULL, NULL)
INSERT [dbo].[M_City] ([CityID], [CityName], [ArCityName], [CountryID], [DisplayOrder], [DeleteFlag], [CreatedBy], [UpdatedBy], [CreatedDateTime], [UpdatedDateTime]) VALUES (13, N'Kalba', N'كلباء', 4, N'13', 0, NULL, NULL, NULL, NULL)
INSERT [dbo].[M_City] ([CityID], [CityName], [ArCityName], [CountryID], [DisplayOrder], [DeleteFlag], [CreatedBy], [UpdatedBy], [CreatedDateTime], [UpdatedDateTime]) VALUES (14, N'Dhaid', N'الذيد', 4, N'14', 0, NULL, NULL, NULL, NULL)
INSERT [dbo].[M_City] ([CityID], [CityName], [ArCityName], [CountryID], [DisplayOrder], [DeleteFlag], [CreatedBy], [UpdatedBy], [CreatedDateTime], [UpdatedDateTime]) VALUES (15, N'Dibba Al hisn', N'دبا الحصن', 4, N'15', 0, NULL, NULL, NULL, NULL)
INSERT [dbo].[M_City] ([CityID], [CityName], [ArCityName], [CountryID], [DisplayOrder], [DeleteFlag], [CreatedBy], [UpdatedBy], [CreatedDateTime], [UpdatedDateTime]) VALUES (16, N'Al Madam', N'المدام', 4, N'16', 0, NULL, NULL, NULL, NULL)
INSERT [dbo].[M_City] ([CityID], [CityName], [ArCityName], [CountryID], [DisplayOrder], [DeleteFlag], [CreatedBy], [UpdatedBy], [CreatedDateTime], [UpdatedDateTime]) VALUES (17, N'Ajman
', N'إمارة عجمان', 4, N'17', 0, NULL, NULL, NULL, NULL)
INSERT [dbo].[M_City] ([CityID], [CityName], [ArCityName], [CountryID], [DisplayOrder], [DeleteFlag], [CreatedBy], [UpdatedBy], [CreatedDateTime], [UpdatedDateTime]) VALUES (18, N'Umm al quwain
', N'إمارة ام القيوين', 4, N'18', 0, NULL, NULL, NULL, NULL)
INSERT [dbo].[M_City] ([CityID], [CityName], [ArCityName], [CountryID], [DisplayOrder], [DeleteFlag], [CreatedBy], [UpdatedBy], [CreatedDateTime], [UpdatedDateTime]) VALUES (19, N'Ar Rams', N'الرمس', 4, N'19', 0, NULL, NULL, NULL, NULL)
INSERT [dbo].[M_City] ([CityID], [CityName], [ArCityName], [CountryID], [DisplayOrder], [DeleteFlag], [CreatedBy], [UpdatedBy], [CreatedDateTime], [UpdatedDateTime]) VALUES (20, N'Fujairah', N'إمارة الفجيرة', 4, N'20', 1, NULL, NULL, NULL, NULL)
INSERT [dbo].[M_City] ([CityID], [CityName], [ArCityName], [CountryID], [DisplayOrder], [DeleteFlag], [CreatedBy], [UpdatedBy], [CreatedDateTime], [UpdatedDateTime]) VALUES (21, N'Dibba Al Fujairah', N'دبا الفجيرة', 4, N'21', 0, NULL, NULL, NULL, NULL)
INSERT [dbo].[M_City] ([CityID], [CityName], [ArCityName], [CountryID], [DisplayOrder], [DeleteFlag], [CreatedBy], [UpdatedBy], [CreatedDateTime], [UpdatedDateTime]) VALUES (22, N'Abu Dhabi', N'Abu Dhabi', 0, N'21', 1, N'7', N'7', CAST(N'2019-12-04T08:22:59.480' AS DateTime), CAST(N'2019-12-04T08:25:30.313' AS DateTime))
INSERT [dbo].[M_City] ([CityID], [CityName], [ArCityName], [CountryID], [DisplayOrder], [DeleteFlag], [CreatedBy], [UpdatedBy], [CreatedDateTime], [UpdatedDateTime]) VALUES (23, N'Abu Dhabi', N'أبو ظبي', 4, N'20', 0, N'7', NULL, CAST(N'2019-12-04T08:26:15.643' AS DateTime), NULL)
SET IDENTITY_INSERT [dbo].[M_City] OFF
SET IDENTITY_INSERT [dbo].[M_Country] ON 

INSERT [dbo].[M_Country] ([CountryID], [CountryName], [ArCountryName], [DisplayOrder], [DeleteFlag], [CreatedBy], [UpdatedBy], [CreatedDateTime], [UpdatedDateTime]) VALUES (1, N'India', N'الهند', N'1', 0, NULL, NULL, NULL, NULL)
INSERT [dbo].[M_Country] ([CountryID], [CountryName], [ArCountryName], [DisplayOrder], [DeleteFlag], [CreatedBy], [UpdatedBy], [CreatedDateTime], [UpdatedDateTime]) VALUES (2, N'Algeria', N'الجزائر', N'2', 0, NULL, NULL, NULL, NULL)
INSERT [dbo].[M_Country] ([CountryID], [CountryName], [ArCountryName], [DisplayOrder], [DeleteFlag], [CreatedBy], [UpdatedBy], [CreatedDateTime], [UpdatedDateTime]) VALUES (3, N'Egypt', N'مصر', N'3', 0, NULL, NULL, NULL, NULL)
INSERT [dbo].[M_Country] ([CountryID], [CountryName], [ArCountryName], [DisplayOrder], [DeleteFlag], [CreatedBy], [UpdatedBy], [CreatedDateTime], [UpdatedDateTime]) VALUES (4, N'UAE', N'الإمارات العربية المتحدة', N'4', 0, NULL, NULL, NULL, NULL)
INSERT [dbo].[M_Country] ([CountryID], [CountryName], [ArCountryName], [DisplayOrder], [DeleteFlag], [CreatedBy], [UpdatedBy], [CreatedDateTime], [UpdatedDateTime]) VALUES (5, N'Others', N'الآخرين', N'5', 0, NULL, NULL, NULL, NULL)
INSERT [dbo].[M_Country] ([CountryID], [CountryName], [ArCountryName], [DisplayOrder], [DeleteFlag], [CreatedBy], [UpdatedBy], [CreatedDateTime], [UpdatedDateTime]) VALUES (6, N'test', N'test update', N'6', 1, N'28', N'28', CAST(N'2019-11-23T17:58:03.633' AS DateTime), CAST(N'2019-11-23T17:58:33.480' AS DateTime))
SET IDENTITY_INSERT [dbo].[M_Country] OFF
SET IDENTITY_INSERT [dbo].[M_Department] ON 

INSERT [dbo].[M_Department] ([DepartmentID], [DepartmentName], [ArDepartmentName], [DeleteFlag], [CreatedBy], [UpdatedBy], [CreatedDateTime], [UpdatedDateTime], [GroupMailID]) VALUES (1, N'Protocol & Hostpitality', N'المراسم والضيافة', 0, NULL, NULL, NULL, NULL, N'Protocol & Hostpitality@mail.com')
INSERT [dbo].[M_Department] ([DepartmentID], [DepartmentName], [ArDepartmentName], [DeleteFlag], [CreatedBy], [UpdatedBy], [CreatedDateTime], [UpdatedDateTime], [GroupMailID]) VALUES (2, N'Citizen Affairs', N'شؤون المواطنين', 0, NULL, NULL, NULL, NULL, N'Citizen Affairs@mail.com')
INSERT [dbo].[M_Department] ([DepartmentID], [DepartmentName], [ArDepartmentName], [DeleteFlag], [CreatedBy], [UpdatedBy], [CreatedDateTime], [UpdatedDateTime], [GroupMailID]) VALUES (3, N'Support Services', N'الخدمات المساندة', 0, NULL, NULL, NULL, NULL, N'Support Services@mail.com')
INSERT [dbo].[M_Department] ([DepartmentID], [DepartmentName], [ArDepartmentName], [DeleteFlag], [CreatedBy], [UpdatedBy], [CreatedDateTime], [UpdatedDateTime], [GroupMailID]) VALUES (4, N'Internal Audit', N'التدقيق الداخلي', 0, NULL, NULL, NULL, NULL, N'Internal Audit@mail.com')
INSERT [dbo].[M_Department] ([DepartmentID], [DepartmentName], [ArDepartmentName], [DeleteFlag], [CreatedBy], [UpdatedBy], [CreatedDateTime], [UpdatedDateTime], [GroupMailID]) VALUES (5, N'Legal Affairs', N'الشؤون القانونية', 0, NULL, NULL, NULL, NULL, N'Legal Affairs@mail.com')
INSERT [dbo].[M_Department] ([DepartmentID], [DepartmentName], [ArDepartmentName], [DeleteFlag], [CreatedBy], [UpdatedBy], [CreatedDateTime], [UpdatedDateTime], [GroupMailID]) VALUES (6, N'Under Secretary Office', N'مكتب الوكيل', 0, NULL, NULL, NULL, NULL, N'Under Secretary Office@mail.com')
INSERT [dbo].[M_Department] ([DepartmentID], [DepartmentName], [ArDepartmentName], [DeleteFlag], [CreatedBy], [UpdatedBy], [CreatedDateTime], [UpdatedDateTime], [GroupMailID]) VALUES (7, N'Ruler''s Representative Office', N'مكتب ممثل الحاكم', 0, NULL, NULL, NULL, NULL, N'Ruler''s Representative Office@mail.com')
INSERT [dbo].[M_Department] ([DepartmentID], [DepartmentName], [ArDepartmentName], [DeleteFlag], [CreatedBy], [UpdatedBy], [CreatedDateTime], [UpdatedDateTime], [GroupMailID]) VALUES (8, N'Office of Intergovernmental', N'مكتب التنسيق الحكومي', 0, NULL, NULL, NULL, NULL, N'Office of Intergovernmental@mail.com')
INSERT [dbo].[M_Department] ([DepartmentID], [DepartmentName], [ArDepartmentName], [DeleteFlag], [CreatedBy], [UpdatedBy], [CreatedDateTime], [UpdatedDateTime], [GroupMailID]) VALUES (9, N'Strategic Planning & Performance Management', N'التخطيط الاستراتيجي وإدارة الأداء', 0, NULL, NULL, NULL, NULL, N'Strategic Planning & Performance Management@mail.com')
INSERT [dbo].[M_Department] ([DepartmentID], [DepartmentName], [ArDepartmentName], [DeleteFlag], [CreatedBy], [UpdatedBy], [CreatedDateTime], [UpdatedDateTime], [GroupMailID]) VALUES (10, N'Calender Approving', N'إعتماد الأجندة', 0, NULL, NULL, NULL, NULL, N'Calendar@mail.com')
SET IDENTITY_INSERT [dbo].[M_Department] OFF
SET IDENTITY_INSERT [dbo].[M_DesignType] ON 

INSERT [dbo].[M_DesignType] ([DesignTypeID], [DesignTypeName], [ArDesignTypeName], [DisplayOrder], [DeleteFlag], [CreatedBy], [UpdatedBy], [CreatedDateTime], [UpdatedDateTime]) VALUES (1, N'Design1', N'التصميم1', N'1', 0, NULL, NULL, NULL, NULL)
INSERT [dbo].[M_DesignType] ([DesignTypeID], [DesignTypeName], [ArDesignTypeName], [DisplayOrder], [DeleteFlag], [CreatedBy], [UpdatedBy], [CreatedDateTime], [UpdatedDateTime]) VALUES (2, N'Design2', N'التصميم2', N'2', 0, NULL, NULL, NULL, NULL)
INSERT [dbo].[M_DesignType] ([DesignTypeID], [DesignTypeName], [ArDesignTypeName], [DisplayOrder], [DeleteFlag], [CreatedBy], [UpdatedBy], [CreatedDateTime], [UpdatedDateTime]) VALUES (3, N'user', N'user', N'2', 1, N'7', N'7', CAST(N'2019-10-23T05:43:35.933' AS DateTime), CAST(N'2019-10-23T05:44:01.647' AS DateTime))
INSERT [dbo].[M_DesignType] ([DesignTypeID], [DesignTypeName], [ArDesignTypeName], [DisplayOrder], [DeleteFlag], [CreatedBy], [UpdatedBy], [CreatedDateTime], [UpdatedDateTime]) VALUES (4, N'cv', N'sa', N'2', 1, N'7', N'7', CAST(N'2019-10-23T05:44:47.313' AS DateTime), CAST(N'2019-10-23T05:45:01.843' AS DateTime))
INSERT [dbo].[M_DesignType] ([DesignTypeID], [DesignTypeName], [ArDesignTypeName], [DisplayOrder], [DeleteFlag], [CreatedBy], [UpdatedBy], [CreatedDateTime], [UpdatedDateTime]) VALUES (5, N'va', N'fa', N'3', 0, N'7', N'7', CAST(N'2019-10-23T05:46:01.440' AS DateTime), CAST(N'2019-10-23T05:46:08.087' AS DateTime))
SET IDENTITY_INSERT [dbo].[M_DesignType] OFF
SET IDENTITY_INSERT [dbo].[M_Education] ON 

INSERT [dbo].[M_Education] ([EducationID], [EducationName], [ArEducationName], [DisplayOrder], [DeleteFlag], [CreatedBy], [UpdatedBy], [CreatedDateTime], [UpdatedDateTime]) VALUES (1, N'Education1', N'التعليم1', N'1', 0, NULL, NULL, NULL, NULL)
INSERT [dbo].[M_Education] ([EducationID], [EducationName], [ArEducationName], [DisplayOrder], [DeleteFlag], [CreatedBy], [UpdatedBy], [CreatedDateTime], [UpdatedDateTime]) VALUES (2, N'Education2', N'التعليم2', N'2', 0, NULL, NULL, NULL, NULL)
INSERT [dbo].[M_Education] ([EducationID], [EducationName], [ArEducationName], [DisplayOrder], [DeleteFlag], [CreatedBy], [UpdatedBy], [CreatedDateTime], [UpdatedDateTime]) VALUES (3, N'null', N'null', N'3', 1, N'7', N'7', CAST(N'2019-10-24T07:25:55.120' AS DateTime), CAST(N'2019-10-24T07:26:18.440' AS DateTime))
INSERT [dbo].[M_Education] ([EducationID], [EducationName], [ArEducationName], [DisplayOrder], [DeleteFlag], [CreatedBy], [UpdatedBy], [CreatedDateTime], [UpdatedDateTime]) VALUES (4, N'Master', N'', N'2', 0, N'7', NULL, CAST(N'2019-11-27T05:35:23.797' AS DateTime), NULL)
INSERT [dbo].[M_Education] ([EducationID], [EducationName], [ArEducationName], [DisplayOrder], [DeleteFlag], [CreatedBy], [UpdatedBy], [CreatedDateTime], [UpdatedDateTime]) VALUES (5, N'Bachelor', N'', N'3', 0, N'7', NULL, CAST(N'2019-11-27T05:35:34.110' AS DateTime), NULL)
INSERT [dbo].[M_Education] ([EducationID], [EducationName], [ArEducationName], [DisplayOrder], [DeleteFlag], [CreatedBy], [UpdatedBy], [CreatedDateTime], [UpdatedDateTime]) VALUES (6, N'Diploma', N'', N'4', 0, N'7', NULL, CAST(N'2019-11-27T05:35:44.710' AS DateTime), NULL)
INSERT [dbo].[M_Education] ([EducationID], [EducationName], [ArEducationName], [DisplayOrder], [DeleteFlag], [CreatedBy], [UpdatedBy], [CreatedDateTime], [UpdatedDateTime]) VALUES (7, N'High School', N'', N'5', 0, N'7', NULL, CAST(N'2019-11-27T05:36:00.050' AS DateTime), NULL)
INSERT [dbo].[M_Education] ([EducationID], [EducationName], [ArEducationName], [DisplayOrder], [DeleteFlag], [CreatedBy], [UpdatedBy], [CreatedDateTime], [UpdatedDateTime]) VALUES (8, N'work readiness program - up', N'', N'6', 0, N'7', NULL, CAST(N'2019-11-27T05:36:12.810' AS DateTime), NULL)
SET IDENTITY_INSERT [dbo].[M_Education] OFF
SET IDENTITY_INSERT [dbo].[M_EmployeeStatus] ON 

INSERT [dbo].[M_EmployeeStatus] ([EmployeeStatusID], [EmployeeStatusName], [ArEmployeeStatusName], [DisplayOrder], [DeleteFlag], [CreatedBy], [UpdatedBy], [CreatedDateTime], [UpdatedDateTime]) VALUES (1, N'Employed', N'يعمل', N'2', 0, NULL, N'7', NULL, CAST(N'2019-12-25T08:24:23.527' AS DateTime))
INSERT [dbo].[M_EmployeeStatus] ([EmployeeStatusID], [EmployeeStatusName], [ArEmployeeStatusName], [DisplayOrder], [DeleteFlag], [CreatedBy], [UpdatedBy], [CreatedDateTime], [UpdatedDateTime]) VALUES (2, N'Non Employed', N'لا يعمل', N'2', 0, NULL, N'7', NULL, CAST(N'2019-12-25T08:25:08.620' AS DateTime))
SET IDENTITY_INSERT [dbo].[M_EmployeeStatus] OFF
SET IDENTITY_INSERT [dbo].[M_EventType] ON 

INSERT [dbo].[M_EventType] ([EventTypeID], [EventTypeName], [ArEventTypeName], [DisplayOrder], [DeleteFlag], [CreatedBy], [UpdatedBy], [CreatedDateTime], [UpdatedDateTime]) VALUES (1, N'Meeting', N'الاجتماعات', 1, 0, NULL, NULL, NULL, NULL)
INSERT [dbo].[M_EventType] ([EventTypeID], [EventTypeName], [ArEventTypeName], [DisplayOrder], [DeleteFlag], [CreatedBy], [UpdatedBy], [CreatedDateTime], [UpdatedDateTime]) VALUES (2, N'Visit', N'زيارة', 2, 0, NULL, NULL, NULL, NULL)
INSERT [dbo].[M_EventType] ([EventTypeID], [EventTypeName], [ArEventTypeName], [DisplayOrder], [DeleteFlag], [CreatedBy], [UpdatedBy], [CreatedDateTime], [UpdatedDateTime]) VALUES (3, N'Wedding', N'حفل زواج', 3, 0, NULL, NULL, NULL, NULL)
INSERT [dbo].[M_EventType] ([EventTypeID], [EventTypeName], [ArEventTypeName], [DisplayOrder], [DeleteFlag], [CreatedBy], [UpdatedBy], [CreatedDateTime], [UpdatedDateTime]) VALUES (4, N'Interview', N'حفل زواج', 4, 0, NULL, NULL, NULL, NULL)
INSERT [dbo].[M_EventType] ([EventTypeID], [EventTypeName], [ArEventTypeName], [DisplayOrder], [DeleteFlag], [CreatedBy], [UpdatedBy], [CreatedDateTime], [UpdatedDateTime]) VALUES (5, N'Appointment', N'موعد', 5, 0, NULL, NULL, NULL, NULL)
SET IDENTITY_INSERT [dbo].[M_EventType] OFF
SET IDENTITY_INSERT [dbo].[M_Experience] ON 

INSERT [dbo].[M_Experience] ([ExperienceID], [ExperienceName], [ArExperienceName], [DisplayOrder], [DeleteFlag], [CreatedBy], [UpdatedBy], [CreatedDateTime], [UpdatedDateTime]) VALUES (1, N'Experience1', N'تجربة1
', NULL, 0, NULL, NULL, NULL, NULL)
INSERT [dbo].[M_Experience] ([ExperienceID], [ExperienceName], [ArExperienceName], [DisplayOrder], [DeleteFlag], [CreatedBy], [UpdatedBy], [CreatedDateTime], [UpdatedDateTime]) VALUES (2, N'Experience2', N'تجربة2
', NULL, 0, NULL, NULL, NULL, NULL)
INSERT [dbo].[M_Experience] ([ExperienceID], [ExperienceName], [ArExperienceName], [DisplayOrder], [DeleteFlag], [CreatedBy], [UpdatedBy], [CreatedDateTime], [UpdatedDateTime]) VALUES (3, N'Experience3', N'تجربة3
', NULL, 0, NULL, NULL, NULL, NULL)
SET IDENTITY_INSERT [dbo].[M_Experience] OFF
SET IDENTITY_INSERT [dbo].[M_Grade] ON 

INSERT [dbo].[M_Grade] ([GradeID], [GradeName], [ArGradeName], [DisplayOrder], [DeleteFlag], [CreatedBy], [UpdatedBy], [CreatedDateTime], [UpdatedDateTime]) VALUES (1, N'Undersecretary', N'وكيل', N'1', 0, NULL, NULL, NULL, NULL)
INSERT [dbo].[M_Grade] ([GradeID], [GradeName], [ArGradeName], [DisplayOrder], [DeleteFlag], [CreatedBy], [UpdatedBy], [CreatedDateTime], [UpdatedDateTime]) VALUES (2, N'Executive Director', N'مدير تنفيذي', N'2', 0, NULL, NULL, NULL, NULL)
INSERT [dbo].[M_Grade] ([GradeID], [GradeName], [ArGradeName], [DisplayOrder], [DeleteFlag], [CreatedBy], [UpdatedBy], [CreatedDateTime], [UpdatedDateTime]) VALUES (3, N'Special', N'خاصة', N'3', 0, NULL, NULL, NULL, NULL)
INSERT [dbo].[M_Grade] ([GradeID], [GradeName], [ArGradeName], [DisplayOrder], [DeleteFlag], [CreatedBy], [UpdatedBy], [CreatedDateTime], [UpdatedDateTime]) VALUES (4, N'First', N'الأولى', N'4', 0, NULL, NULL, NULL, NULL)
INSERT [dbo].[M_Grade] ([GradeID], [GradeName], [ArGradeName], [DisplayOrder], [DeleteFlag], [CreatedBy], [UpdatedBy], [CreatedDateTime], [UpdatedDateTime]) VALUES (5, N'Second', N'الثانية', N'5', 0, NULL, NULL, NULL, NULL)
INSERT [dbo].[M_Grade] ([GradeID], [GradeName], [ArGradeName], [DisplayOrder], [DeleteFlag], [CreatedBy], [UpdatedBy], [CreatedDateTime], [UpdatedDateTime]) VALUES (6, N'Third', N'الثالثة', N'6', 0, NULL, NULL, NULL, NULL)
INSERT [dbo].[M_Grade] ([GradeID], [GradeName], [ArGradeName], [DisplayOrder], [DeleteFlag], [CreatedBy], [UpdatedBy], [CreatedDateTime], [UpdatedDateTime]) VALUES (7, N'Fourth', N'الرابعة', N'7', 0, NULL, NULL, NULL, NULL)
INSERT [dbo].[M_Grade] ([GradeID], [GradeName], [ArGradeName], [DisplayOrder], [DeleteFlag], [CreatedBy], [UpdatedBy], [CreatedDateTime], [UpdatedDateTime]) VALUES (8, N'Fifth', N'الخامسة', N'8', 0, NULL, NULL, NULL, NULL)
INSERT [dbo].[M_Grade] ([GradeID], [GradeName], [ArGradeName], [DisplayOrder], [DeleteFlag], [CreatedBy], [UpdatedBy], [CreatedDateTime], [UpdatedDateTime]) VALUES (9, N'Sixth', N'السادسة', N'9', 0, NULL, NULL, NULL, NULL)
INSERT [dbo].[M_Grade] ([GradeID], [GradeName], [ArGradeName], [DisplayOrder], [DeleteFlag], [CreatedBy], [UpdatedBy], [CreatedDateTime], [UpdatedDateTime]) VALUES (10, N'Seventh', N'السابعة', N'10', 0, NULL, NULL, NULL, NULL)
INSERT [dbo].[M_Grade] ([GradeID], [GradeName], [ArGradeName], [DisplayOrder], [DeleteFlag], [CreatedBy], [UpdatedBy], [CreatedDateTime], [UpdatedDateTime]) VALUES (11, N'Eighth', N'الثامنة', N'11', 0, NULL, NULL, NULL, NULL)
INSERT [dbo].[M_Grade] ([GradeID], [GradeName], [ArGradeName], [DisplayOrder], [DeleteFlag], [CreatedBy], [UpdatedBy], [CreatedDateTime], [UpdatedDateTime]) VALUES (12, N'Ninth', N'التاسعة', N'12', 0, NULL, NULL, NULL, NULL)
INSERT [dbo].[M_Grade] ([GradeID], [GradeName], [ArGradeName], [DisplayOrder], [DeleteFlag], [CreatedBy], [UpdatedBy], [CreatedDateTime], [UpdatedDateTime]) VALUES (13, N'Tenth', N'العاشرة', N'13', 0, NULL, NULL, NULL, NULL)
SET IDENTITY_INSERT [dbo].[M_Grade] OFF
SET IDENTITY_INSERT [dbo].[M_Language] ON 

INSERT [dbo].[M_Language] ([LanguageID], [LanguageName], [ArLanguageName], [DisplayOrder], [DeleteFlag], [CreatedBy], [UpdatedBy], [CreatedDateTime], [UpdatedDateTime]) VALUES (1, N'Arabic', N'عربى', N'1', 0, NULL, NULL, NULL, NULL)
INSERT [dbo].[M_Language] ([LanguageID], [LanguageName], [ArLanguageName], [DisplayOrder], [DeleteFlag], [CreatedBy], [UpdatedBy], [CreatedDateTime], [UpdatedDateTime]) VALUES (2, N'English', N'الإنجليزية', N'2', 0, NULL, NULL, NULL, NULL)
INSERT [dbo].[M_Language] ([LanguageID], [LanguageName], [ArLanguageName], [DisplayOrder], [DeleteFlag], [CreatedBy], [UpdatedBy], [CreatedDateTime], [UpdatedDateTime]) VALUES (3, N'1', N'2', N'3', 1, N'7', N'7', CAST(N'2019-10-23T04:22:06.220' AS DateTime), CAST(N'2019-10-23T04:22:35.623' AS DateTime))
SET IDENTITY_INSERT [dbo].[M_Language] OFF
SET IDENTITY_INSERT [dbo].[M_LeaveType] ON 

INSERT [dbo].[M_LeaveType] ([LeaveTypeID], [LeaveTypeName], [ArLeaveTypeName], [DisplayOrder], [DeleteFlag], [CreatedBy], [UpdatedBy], [CreatedDateTime], [UpdatedDateTime]) VALUES (1, N'Leave 01', N'Leave 01 Arabic', 0, NULL, 21, NULL, CAST(N'2019-11-16T15:12:33.290' AS DateTime), NULL)
INSERT [dbo].[M_LeaveType] ([LeaveTypeID], [LeaveTypeName], [ArLeaveTypeName], [DisplayOrder], [DeleteFlag], [CreatedBy], [UpdatedBy], [CreatedDateTime], [UpdatedDateTime]) VALUES (2, N'Leave 01', N'', 0, NULL, 21, NULL, CAST(N'2019-11-16T15:14:32.870' AS DateTime), NULL)
SET IDENTITY_INSERT [dbo].[M_LeaveType] OFF
SET IDENTITY_INSERT [dbo].[M_Location] ON 

INSERT [dbo].[M_Location] ([LocationID], [LocationName], [ArLocationName], [DisplayOrder], [DeleteFlag], [CreatedBy], [UpdatedBy], [CreatedDateTime], [UpdatedDateTime]) VALUES (1, N'Location1', N'موقعك1', N'1', 0, NULL, NULL, NULL, NULL)
INSERT [dbo].[M_Location] ([LocationID], [LocationName], [ArLocationName], [DisplayOrder], [DeleteFlag], [CreatedBy], [UpdatedBy], [CreatedDateTime], [UpdatedDateTime]) VALUES (2, N'Location2', N'موقعك2', N'2', 0, NULL, NULL, NULL, NULL)
INSERT [dbo].[M_Location] ([LocationID], [LocationName], [ArLocationName], [DisplayOrder], [DeleteFlag], [CreatedBy], [UpdatedBy], [CreatedDateTime], [UpdatedDateTime]) VALUES (3, N'english', N'arabic', N'0', 0, N'7', NULL, CAST(N'2019-10-23T04:20:41.257' AS DateTime), NULL)
SET IDENTITY_INSERT [dbo].[M_Location] OFF
SET IDENTITY_INSERT [dbo].[M_Lookups] ON 

INSERT [dbo].[M_Lookups] ([LookupsID], [Module], [Category], [DisplayName], [ArDisplayName], [DisplayOrder], [DeleteFlag], [CreatedBy], [UpdatedBy], [CreatedDateTime], [UpdatedDateTime]) VALUES (1, N'Memo', N'Status', N'Draft', N'مسودة', N'1', 0, NULL, NULL, NULL, NULL)
INSERT [dbo].[M_Lookups] ([LookupsID], [Module], [Category], [DisplayName], [ArDisplayName], [DisplayOrder], [DeleteFlag], [CreatedBy], [UpdatedBy], [CreatedDateTime], [UpdatedDateTime]) VALUES (2, N'Memo', N'Status', N'Waiting for Approval', N'بانتظار الموافقة', N'2', 0, NULL, NULL, NULL, NULL)
INSERT [dbo].[M_Lookups] ([LookupsID], [Module], [Category], [DisplayName], [ArDisplayName], [DisplayOrder], [DeleteFlag], [CreatedBy], [UpdatedBy], [CreatedDateTime], [UpdatedDateTime]) VALUES (3, N'Memo', N'Status', N'Under Progress', N'قيد التنفيذ', N'3', 0, NULL, NULL, NULL, NULL)
INSERT [dbo].[M_Lookups] ([LookupsID], [Module], [Category], [DisplayName], [ArDisplayName], [DisplayOrder], [DeleteFlag], [CreatedBy], [UpdatedBy], [CreatedDateTime], [UpdatedDateTime]) VALUES (4, N'Memo', N'Status', N'Rejected', N'مرفوض', N'4', 0, NULL, NULL, NULL, NULL)
INSERT [dbo].[M_Lookups] ([LookupsID], [Module], [Category], [DisplayName], [ArDisplayName], [DisplayOrder], [DeleteFlag], [CreatedBy], [UpdatedBy], [CreatedDateTime], [UpdatedDateTime]) VALUES (5, N'Memo', N'Status', N'Pending for Resubmission', N'في انتظار إعادة التقديم', N'5', 0, NULL, NULL, NULL, NULL)
INSERT [dbo].[M_Lookups] ([LookupsID], [Module], [Category], [DisplayName], [ArDisplayName], [DisplayOrder], [DeleteFlag], [CreatedBy], [UpdatedBy], [CreatedDateTime], [UpdatedDateTime]) VALUES (6, N'Memo', N'Status', N'Closed', N'تمت', N'6', 0, NULL, NULL, NULL, NULL)
INSERT [dbo].[M_Lookups] ([LookupsID], [Module], [Category], [DisplayName], [ArDisplayName], [DisplayOrder], [DeleteFlag], [CreatedBy], [UpdatedBy], [CreatedDateTime], [UpdatedDateTime]) VALUES (7, N'Leave', N'Status', N'Waiting for Approval', N'بانتظار الموافقة', N'1', 0, NULL, NULL, NULL, NULL)
INSERT [dbo].[M_Lookups] ([LookupsID], [Module], [Category], [DisplayName], [ArDisplayName], [DisplayOrder], [DeleteFlag], [CreatedBy], [UpdatedBy], [CreatedDateTime], [UpdatedDateTime]) VALUES (8, N'Leave', N'Status', N'Under Process', N'قيد التنفيذ', N'2', 0, NULL, NULL, NULL, NULL)
INSERT [dbo].[M_Lookups] ([LookupsID], [Module], [Category], [DisplayName], [ArDisplayName], [DisplayOrder], [DeleteFlag], [CreatedBy], [UpdatedBy], [CreatedDateTime], [UpdatedDateTime]) VALUES (9, N'Leave', N'Status', N'Rejected', N'مرفوض', N'3', 0, NULL, NULL, NULL, NULL)
INSERT [dbo].[M_Lookups] ([LookupsID], [Module], [Category], [DisplayName], [ArDisplayName], [DisplayOrder], [DeleteFlag], [CreatedBy], [UpdatedBy], [CreatedDateTime], [UpdatedDateTime]) VALUES (10, N'Leave', N'Status', N'Pending for Resubmission', N'في انتظار إعادة التقديم', N'4', 0, NULL, NULL, NULL, NULL)
INSERT [dbo].[M_Lookups] ([LookupsID], [Module], [Category], [DisplayName], [ArDisplayName], [DisplayOrder], [DeleteFlag], [CreatedBy], [UpdatedBy], [CreatedDateTime], [UpdatedDateTime]) VALUES (11, N'Leave', N'Status', N'Closed', N'تمت', N'5', 0, NULL, NULL, NULL, NULL)
INSERT [dbo].[M_Lookups] ([LookupsID], [Module], [Category], [DisplayName], [ArDisplayName], [DisplayOrder], [DeleteFlag], [CreatedBy], [UpdatedBy], [CreatedDateTime], [UpdatedDateTime]) VALUES (12, N'Circular', N'Status', N'Draft', N'مسودة', N'1', 0, NULL, NULL, NULL, NULL)
INSERT [dbo].[M_Lookups] ([LookupsID], [Module], [Category], [DisplayName], [ArDisplayName], [DisplayOrder], [DeleteFlag], [CreatedBy], [UpdatedBy], [CreatedDateTime], [UpdatedDateTime]) VALUES (13, N'Circular', N'Status', N'Waiting for Approval', N'بانتظار الموافقة', N'2', 0, NULL, NULL, NULL, NULL)
INSERT [dbo].[M_Lookups] ([LookupsID], [Module], [Category], [DisplayName], [ArDisplayName], [DisplayOrder], [DeleteFlag], [CreatedBy], [UpdatedBy], [CreatedDateTime], [UpdatedDateTime]) VALUES (14, N'Circular', N'Status', N'Approved', N'معتمد', N'3', 0, NULL, NULL, NULL, NULL)
INSERT [dbo].[M_Lookups] ([LookupsID], [Module], [Category], [DisplayName], [ArDisplayName], [DisplayOrder], [DeleteFlag], [CreatedBy], [UpdatedBy], [CreatedDateTime], [UpdatedDateTime]) VALUES (15, N'Circular', N'Status', N'Rejected', N'مرفوض', N'4', 0, NULL, NULL, NULL, NULL)
INSERT [dbo].[M_Lookups] ([LookupsID], [Module], [Category], [DisplayName], [ArDisplayName], [DisplayOrder], [DeleteFlag], [CreatedBy], [UpdatedBy], [CreatedDateTime], [UpdatedDateTime]) VALUES (16, N'Circular', N'Status', N'Pending for Resubmission', N'في انتظار إعادة التقديم', N'5', 0, NULL, NULL, NULL, NULL)
INSERT [dbo].[M_Lookups] ([LookupsID], [Module], [Category], [DisplayName], [ArDisplayName], [DisplayOrder], [DeleteFlag], [CreatedBy], [UpdatedBy], [CreatedDateTime], [UpdatedDateTime]) VALUES (17, N'Circular', N'Status', N'Closed', N'تمت', N'6', 0, NULL, NULL, NULL, NULL)
INSERT [dbo].[M_Lookups] ([LookupsID], [Module], [Category], [DisplayName], [ArDisplayName], [DisplayOrder], [DeleteFlag], [CreatedBy], [UpdatedBy], [CreatedDateTime], [UpdatedDateTime]) VALUES (18, N'OutboundLetter', N'Status', N'Draft', N'مسودة', N'1', 0, NULL, NULL, NULL, NULL)
INSERT [dbo].[M_Lookups] ([LookupsID], [Module], [Category], [DisplayName], [ArDisplayName], [DisplayOrder], [DeleteFlag], [CreatedBy], [UpdatedBy], [CreatedDateTime], [UpdatedDateTime]) VALUES (19, N'OutboundLetter', N'Status', N'Waiting for Approval', N'قيد الاعتماد', N'2', 0, NULL, NULL, NULL, NULL)
INSERT [dbo].[M_Lookups] ([LookupsID], [Module], [Category], [DisplayName], [ArDisplayName], [DisplayOrder], [DeleteFlag], [CreatedBy], [UpdatedBy], [CreatedDateTime], [UpdatedDateTime]) VALUES (20, N'OutboundLetter', N'Status', N'Under Progress', N'قيد التنفيذ', N'3', 0, NULL, NULL, NULL, NULL)
INSERT [dbo].[M_Lookups] ([LookupsID], [Module], [Category], [DisplayName], [ArDisplayName], [DisplayOrder], [DeleteFlag], [CreatedBy], [UpdatedBy], [CreatedDateTime], [UpdatedDateTime]) VALUES (21, N'OutboundLetter', N'Status', N'Rejected', N'مرفوض', N'4', 0, NULL, NULL, NULL, NULL)
INSERT [dbo].[M_Lookups] ([LookupsID], [Module], [Category], [DisplayName], [ArDisplayName], [DisplayOrder], [DeleteFlag], [CreatedBy], [UpdatedBy], [CreatedDateTime], [UpdatedDateTime]) VALUES (22, N'OutboundLetter', N'Status', N'Pending for Resubmission', N'في انتظار إعادة التقديم', N'5', 0, NULL, NULL, NULL, NULL)
INSERT [dbo].[M_Lookups] ([LookupsID], [Module], [Category], [DisplayName], [ArDisplayName], [DisplayOrder], [DeleteFlag], [CreatedBy], [UpdatedBy], [CreatedDateTime], [UpdatedDateTime]) VALUES (23, N'OutboundLetter', N'Status', N'Closed', N'تمت', N'6', 0, NULL, NULL, NULL, NULL)
INSERT [dbo].[M_Lookups] ([LookupsID], [Module], [Category], [DisplayName], [ArDisplayName], [DisplayOrder], [DeleteFlag], [CreatedBy], [UpdatedBy], [CreatedDateTime], [UpdatedDateTime]) VALUES (24, N'InboundLetter', N'Status', N'Draft', N'مسودة', N'1', 0, NULL, NULL, NULL, NULL)
INSERT [dbo].[M_Lookups] ([LookupsID], [Module], [Category], [DisplayName], [ArDisplayName], [DisplayOrder], [DeleteFlag], [CreatedBy], [UpdatedBy], [CreatedDateTime], [UpdatedDateTime]) VALUES (25, N'InboundLetter', N'Status', N'Waiting for Approval', N'قيد الاعتماد', N'2', 0, NULL, NULL, NULL, NULL)
INSERT [dbo].[M_Lookups] ([LookupsID], [Module], [Category], [DisplayName], [ArDisplayName], [DisplayOrder], [DeleteFlag], [CreatedBy], [UpdatedBy], [CreatedDateTime], [UpdatedDateTime]) VALUES (26, N'InboundLetter', N'Status', N'Under Progress', N'قيد التنفيذ', N'3', 0, NULL, NULL, NULL, NULL)
INSERT [dbo].[M_Lookups] ([LookupsID], [Module], [Category], [DisplayName], [ArDisplayName], [DisplayOrder], [DeleteFlag], [CreatedBy], [UpdatedBy], [CreatedDateTime], [UpdatedDateTime]) VALUES (27, N'InboundLetter', N'Status', N'Rejected', N'مرفوض', N'4', 0, NULL, NULL, NULL, NULL)
INSERT [dbo].[M_Lookups] ([LookupsID], [Module], [Category], [DisplayName], [ArDisplayName], [DisplayOrder], [DeleteFlag], [CreatedBy], [UpdatedBy], [CreatedDateTime], [UpdatedDateTime]) VALUES (28, N'InboundLetter', N'Status', N'Pending for Resubmission', N'في انتظار إعادة التقديم', N'5', 0, NULL, NULL, NULL, NULL)
INSERT [dbo].[M_Lookups] ([LookupsID], [Module], [Category], [DisplayName], [ArDisplayName], [DisplayOrder], [DeleteFlag], [CreatedBy], [UpdatedBy], [CreatedDateTime], [UpdatedDateTime]) VALUES (29, N'InboundLetter', N'Status', N'Closed', N'تمت', N'6', 0, NULL, NULL, NULL, NULL)
INSERT [dbo].[M_Lookups] ([LookupsID], [Module], [Category], [DisplayName], [ArDisplayName], [DisplayOrder], [DeleteFlag], [CreatedBy], [UpdatedBy], [CreatedDateTime], [UpdatedDateTime]) VALUES (30, N'DutyTask', N'Status', N'InProgress', N'قيد الإجراء', N'1', 0, NULL, NULL, NULL, NULL)
INSERT [dbo].[M_Lookups] ([LookupsID], [Module], [Category], [DisplayName], [ArDisplayName], [DisplayOrder], [DeleteFlag], [CreatedBy], [UpdatedBy], [CreatedDateTime], [UpdatedDateTime]) VALUES (31, N'DutyTask', N'Status', N'Completed', N'منجزة', N'2', 0, NULL, NULL, NULL, NULL)
INSERT [dbo].[M_Lookups] ([LookupsID], [Module], [Category], [DisplayName], [ArDisplayName], [DisplayOrder], [DeleteFlag], [CreatedBy], [UpdatedBy], [CreatedDateTime], [UpdatedDateTime]) VALUES (32, N'DutyTask', N'Status', N'Closed', N'تمت', N'3', 0, NULL, NULL, NULL, NULL)
INSERT [dbo].[M_Lookups] ([LookupsID], [Module], [Category], [DisplayName], [ArDisplayName], [DisplayOrder], [DeleteFlag], [CreatedBy], [UpdatedBy], [CreatedDateTime], [UpdatedDateTime]) VALUES (33, N'Certificate', N'Status', N'InProgress', N'قيد الإجراء', N'1', 0, NULL, NULL, NULL, NULL)
INSERT [dbo].[M_Lookups] ([LookupsID], [Module], [Category], [DisplayName], [ArDisplayName], [DisplayOrder], [DeleteFlag], [CreatedBy], [UpdatedBy], [CreatedDateTime], [UpdatedDateTime]) VALUES (34, N'Certificate', N'Status', N'Under Process', N'قيد التنفيذ', N'2', 0, NULL, NULL, NULL, NULL)
INSERT [dbo].[M_Lookups] ([LookupsID], [Module], [Category], [DisplayName], [ArDisplayName], [DisplayOrder], [DeleteFlag], [CreatedBy], [UpdatedBy], [CreatedDateTime], [UpdatedDateTime]) VALUES (35, N'Certificate', N'Status', N'Closed', N'تمت', N'3', 0, NULL, NULL, NULL, NULL)
INSERT [dbo].[M_Lookups] ([LookupsID], [Module], [Category], [DisplayName], [ArDisplayName], [DisplayOrder], [DeleteFlag], [CreatedBy], [UpdatedBy], [CreatedDateTime], [UpdatedDateTime]) VALUES (36, N'Announcement', N'Status', N'InProgress', N'قيد الإجراء', N'1', 0, NULL, NULL, NULL, NULL)
INSERT [dbo].[M_Lookups] ([LookupsID], [Module], [Category], [DisplayName], [ArDisplayName], [DisplayOrder], [DeleteFlag], [CreatedBy], [UpdatedBy], [CreatedDateTime], [UpdatedDateTime]) VALUES (37, N'Announcement', N'Status', N'Under Process', N'قيد التنفيذ', N'2', 0, NULL, NULL, NULL, NULL)
INSERT [dbo].[M_Lookups] ([LookupsID], [Module], [Category], [DisplayName], [ArDisplayName], [DisplayOrder], [DeleteFlag], [CreatedBy], [UpdatedBy], [CreatedDateTime], [UpdatedDateTime]) VALUES (38, N'Announcement', N'Status', N'Closed', N'تمت', N'3', 0, NULL, NULL, NULL, NULL)
INSERT [dbo].[M_Lookups] ([LookupsID], [Module], [Category], [DisplayName], [ArDisplayName], [DisplayOrder], [DeleteFlag], [CreatedBy], [UpdatedBy], [CreatedDateTime], [UpdatedDateTime]) VALUES (39, N'BabyAddition', N'Status', N'InProgress', N'قيد الإجراء', N'1', 0, NULL, NULL, NULL, NULL)
INSERT [dbo].[M_Lookups] ([LookupsID], [Module], [Category], [DisplayName], [ArDisplayName], [DisplayOrder], [DeleteFlag], [CreatedBy], [UpdatedBy], [CreatedDateTime], [UpdatedDateTime]) VALUES (40, N'BabyAddition', N'Status', N'Under Process', N'قيد التنفيذ', N'2', 0, NULL, NULL, NULL, NULL)
INSERT [dbo].[M_Lookups] ([LookupsID], [Module], [Category], [DisplayName], [ArDisplayName], [DisplayOrder], [DeleteFlag], [CreatedBy], [UpdatedBy], [CreatedDateTime], [UpdatedDateTime]) VALUES (41, N'BabyAddition', N'Status', N'Closed', N'تمت', N'3', 0, NULL, NULL, NULL, NULL)
INSERT [dbo].[M_Lookups] ([LookupsID], [Module], [Category], [DisplayName], [ArDisplayName], [DisplayOrder], [DeleteFlag], [CreatedBy], [UpdatedBy], [CreatedDateTime], [UpdatedDateTime]) VALUES (42, N'Training', N'Status', N'Waiting for Approval', N'بانتظار الموافقة', N'1', 0, NULL, NULL, NULL, NULL)
INSERT [dbo].[M_Lookups] ([LookupsID], [Module], [Category], [DisplayName], [ArDisplayName], [DisplayOrder], [DeleteFlag], [CreatedBy], [UpdatedBy], [CreatedDateTime], [UpdatedDateTime]) VALUES (43, N'Training', N'Status', N'Under Process', N'قيد التنفيذ', N'2', 0, NULL, NULL, NULL, NULL)
INSERT [dbo].[M_Lookups] ([LookupsID], [Module], [Category], [DisplayName], [ArDisplayName], [DisplayOrder], [DeleteFlag], [CreatedBy], [UpdatedBy], [CreatedDateTime], [UpdatedDateTime]) VALUES (44, N'Training', N'Status', N'Pending for Resubmission', N'في انتظار إعادة التقديم', N'3', 0, NULL, NULL, NULL, NULL)
INSERT [dbo].[M_Lookups] ([LookupsID], [Module], [Category], [DisplayName], [ArDisplayName], [DisplayOrder], [DeleteFlag], [CreatedBy], [UpdatedBy], [CreatedDateTime], [UpdatedDateTime]) VALUES (45, N'Training', N'Status', N'Closed', N'تمت', N'4', 0, NULL, NULL, NULL, NULL)
INSERT [dbo].[M_Lookups] ([LookupsID], [Module], [Category], [DisplayName], [ArDisplayName], [DisplayOrder], [DeleteFlag], [CreatedBy], [UpdatedBy], [CreatedDateTime], [UpdatedDateTime]) VALUES (46, N'Training', N'Status', N'Rejected', N'مرفوض', N'5', 0, NULL, NULL, NULL, NULL)
INSERT [dbo].[M_Lookups] ([LookupsID], [Module], [Category], [DisplayName], [ArDisplayName], [DisplayOrder], [DeleteFlag], [CreatedBy], [UpdatedBy], [CreatedDateTime], [UpdatedDateTime]) VALUES (47, N'HRComplaintSuggestions', N'Status', N'InProgress', N'قيد الإجراء', N'1', 0, NULL, NULL, NULL, NULL)
INSERT [dbo].[M_Lookups] ([LookupsID], [Module], [Category], [DisplayName], [ArDisplayName], [DisplayOrder], [DeleteFlag], [CreatedBy], [UpdatedBy], [CreatedDateTime], [UpdatedDateTime]) VALUES (48, N'HRComplaintSuggestions', N'Status', N'Under Process', N'قيد التنفيذ', N'2', 0, NULL, NULL, NULL, NULL)
INSERT [dbo].[M_Lookups] ([LookupsID], [Module], [Category], [DisplayName], [ArDisplayName], [DisplayOrder], [DeleteFlag], [CreatedBy], [UpdatedBy], [CreatedDateTime], [UpdatedDateTime]) VALUES (49, N'HRComplaintSuggestions', N'Status', N'Closed', N'تمت', N'3', 0, NULL, NULL, NULL, NULL)
INSERT [dbo].[M_Lookups] ([LookupsID], [Module], [Category], [DisplayName], [ArDisplayName], [DisplayOrder], [DeleteFlag], [CreatedBy], [UpdatedBy], [CreatedDateTime], [UpdatedDateTime]) VALUES (50, N'CAComplaintSuggestions', N'Status', N'InProgress', N'قيد الإجراء', N'1', 0, NULL, NULL, NULL, NULL)
INSERT [dbo].[M_Lookups] ([LookupsID], [Module], [Category], [DisplayName], [ArDisplayName], [DisplayOrder], [DeleteFlag], [CreatedBy], [UpdatedBy], [CreatedDateTime], [UpdatedDateTime]) VALUES (51, N'CAComplaintSuggestions', N'Status', N'Under Process', N'قيد التنفيذ', N'2', 0, NULL, NULL, NULL, NULL)
INSERT [dbo].[M_Lookups] ([LookupsID], [Module], [Category], [DisplayName], [ArDisplayName], [DisplayOrder], [DeleteFlag], [CreatedBy], [UpdatedBy], [CreatedDateTime], [UpdatedDateTime]) VALUES (52, N'CAComplaintSuggestions', N'Status', N'Closed', N'تمت', N'3', 0, NULL, NULL, NULL, NULL)
INSERT [dbo].[M_Lookups] ([LookupsID], [Module], [Category], [DisplayName], [ArDisplayName], [DisplayOrder], [DeleteFlag], [CreatedBy], [UpdatedBy], [CreatedDateTime], [UpdatedDateTime]) VALUES (53, N'Maintenance', N'Status', N'Waiting for Approval', N'بانتظار الموافقة', N'1', 0, NULL, NULL, NULL, NULL)
INSERT [dbo].[M_Lookups] ([LookupsID], [Module], [Category], [DisplayName], [ArDisplayName], [DisplayOrder], [DeleteFlag], [CreatedBy], [UpdatedBy], [CreatedDateTime], [UpdatedDateTime]) VALUES (54, N'Maintenance', N'Status', N'Pending for Resubmission', N'في انتظار إعادة التقديم', N'2', 0, NULL, NULL, NULL, NULL)
INSERT [dbo].[M_Lookups] ([LookupsID], [Module], [Category], [DisplayName], [ArDisplayName], [DisplayOrder], [DeleteFlag], [CreatedBy], [UpdatedBy], [CreatedDateTime], [UpdatedDateTime]) VALUES (55, N'Maintenance', N'Status', N'Under Process', N'قيد التنفيذ', N'3', 0, NULL, NULL, NULL, NULL)
INSERT [dbo].[M_Lookups] ([LookupsID], [Module], [Category], [DisplayName], [ArDisplayName], [DisplayOrder], [DeleteFlag], [CreatedBy], [UpdatedBy], [CreatedDateTime], [UpdatedDateTime]) VALUES (56, N'Maintenance', N'Status', N'Rejected', N'مرفوض', N'4', 0, NULL, NULL, NULL, NULL)
INSERT [dbo].[M_Lookups] ([LookupsID], [Module], [Category], [DisplayName], [ArDisplayName], [DisplayOrder], [DeleteFlag], [CreatedBy], [UpdatedBy], [CreatedDateTime], [UpdatedDateTime]) VALUES (57, N'Maintenance', N'Status', N'Completed', N'منجزة', N'5', 0, NULL, NULL, NULL, NULL)
INSERT [dbo].[M_Lookups] ([LookupsID], [Module], [Category], [DisplayName], [ArDisplayName], [DisplayOrder], [DeleteFlag], [CreatedBy], [UpdatedBy], [CreatedDateTime], [UpdatedDateTime]) VALUES (58, N'CitizenAffair', N'Status', N'Draft', N'مسودة', N'1', 0, NULL, NULL, NULL, NULL)
INSERT [dbo].[M_Lookups] ([LookupsID], [Module], [Category], [DisplayName], [ArDisplayName], [DisplayOrder], [DeleteFlag], [CreatedBy], [UpdatedBy], [CreatedDateTime], [UpdatedDateTime]) VALUES (59, N'CitizenAffair', N'Status', N'Waiting for Approval', N'بانتظار الموافقة', N'2', 0, NULL, NULL, NULL, NULL)
INSERT [dbo].[M_Lookups] ([LookupsID], [Module], [Category], [DisplayName], [ArDisplayName], [DisplayOrder], [DeleteFlag], [CreatedBy], [UpdatedBy], [CreatedDateTime], [UpdatedDateTime]) VALUES (60, N'CitizenAffair', N'Status', N'Approved', N'معتمد', N'3', 0, NULL, NULL, NULL, NULL)
INSERT [dbo].[M_Lookups] ([LookupsID], [Module], [Category], [DisplayName], [ArDisplayName], [DisplayOrder], [DeleteFlag], [CreatedBy], [UpdatedBy], [CreatedDateTime], [UpdatedDateTime]) VALUES (61, N'CitizenAffair', N'Status', N'Pending for Resubmission', N'في انتظار إعادة التقديم', N'4', 0, NULL, NULL, NULL, NULL)
INSERT [dbo].[M_Lookups] ([LookupsID], [Module], [Category], [DisplayName], [ArDisplayName], [DisplayOrder], [DeleteFlag], [CreatedBy], [UpdatedBy], [CreatedDateTime], [UpdatedDateTime]) VALUES (62, N'CitizenAffair', N'Status', N'Rejected', N'مرفوض', N'5', 0, NULL, NULL, NULL, NULL)
INSERT [dbo].[M_Lookups] ([LookupsID], [Module], [Category], [DisplayName], [ArDisplayName], [DisplayOrder], [DeleteFlag], [CreatedBy], [UpdatedBy], [CreatedDateTime], [UpdatedDateTime]) VALUES (63, N'CitizenAffair', N'Status', N'Closed', N'تمت', N'6', 0, NULL, NULL, NULL, NULL)
INSERT [dbo].[M_Lookups] ([LookupsID], [Module], [Category], [DisplayName], [ArDisplayName], [DisplayOrder], [DeleteFlag], [CreatedBy], [UpdatedBy], [CreatedDateTime], [UpdatedDateTime]) VALUES (64, N'MediaDesignRequest', N'Status', N'Under Process', N'قيد التنفيذ', N'1', 0, NULL, NULL, NULL, NULL)
INSERT [dbo].[M_Lookups] ([LookupsID], [Module], [Category], [DisplayName], [ArDisplayName], [DisplayOrder], [DeleteFlag], [CreatedBy], [UpdatedBy], [CreatedDateTime], [UpdatedDateTime]) VALUES (65, N'MediaDesignRequest', N'Status', N'Pending for Resubmission', N'في انتظار إعادة التقديم', N'2', 0, NULL, NULL, NULL, NULL)
INSERT [dbo].[M_Lookups] ([LookupsID], [Module], [Category], [DisplayName], [ArDisplayName], [DisplayOrder], [DeleteFlag], [CreatedBy], [UpdatedBy], [CreatedDateTime], [UpdatedDateTime]) VALUES (66, N'MediaDesignRequest', N'Status', N'Closed', N'تمت', N'3', 0, NULL, NULL, NULL, NULL)
INSERT [dbo].[M_Lookups] ([LookupsID], [Module], [Category], [DisplayName], [ArDisplayName], [DisplayOrder], [DeleteFlag], [CreatedBy], [UpdatedBy], [CreatedDateTime], [UpdatedDateTime]) VALUES (67, N'MediaDesignRequest', N'Status', N'Draft', N'مسودة', N'4', 0, NULL, NULL, NULL, NULL)
INSERT [dbo].[M_Lookups] ([LookupsID], [Module], [Category], [DisplayName], [ArDisplayName], [DisplayOrder], [DeleteFlag], [CreatedBy], [UpdatedBy], [CreatedDateTime], [UpdatedDateTime]) VALUES (68, N'MediaDesignRequest', N'Status', N'Waiting for Approval', N'بانتظار الموافقة', N'5', 0, NULL, NULL, NULL, NULL)
INSERT [dbo].[M_Lookups] ([LookupsID], [Module], [Category], [DisplayName], [ArDisplayName], [DisplayOrder], [DeleteFlag], [CreatedBy], [UpdatedBy], [CreatedDateTime], [UpdatedDateTime]) VALUES (69, N'MediaDesignRequest', N'Status', N'Rejected', N'مرفوض', N'6', 0, NULL, NULL, NULL, NULL)
INSERT [dbo].[M_Lookups] ([LookupsID], [Module], [Category], [DisplayName], [ArDisplayName], [DisplayOrder], [DeleteFlag], [CreatedBy], [UpdatedBy], [CreatedDateTime], [UpdatedDateTime]) VALUES (70, N'MediaNewPhotoGrapherRequest', N'Status', N'Under Process', N'قيد التنفيذ', N'1', 0, NULL, NULL, NULL, NULL)
INSERT [dbo].[M_Lookups] ([LookupsID], [Module], [Category], [DisplayName], [ArDisplayName], [DisplayOrder], [DeleteFlag], [CreatedBy], [UpdatedBy], [CreatedDateTime], [UpdatedDateTime]) VALUES (71, N'MediaNewPhotoGrapherRequest', N'Status', N'Pending for Resubmission', N'في انتظار إعادة التقديم', N'2', 0, NULL, NULL, NULL, NULL)
INSERT [dbo].[M_Lookups] ([LookupsID], [Module], [Category], [DisplayName], [ArDisplayName], [DisplayOrder], [DeleteFlag], [CreatedBy], [UpdatedBy], [CreatedDateTime], [UpdatedDateTime]) VALUES (72, N'MediaNewPhotoGrapherRequest', N'Status', N'Closed', N'تمت', N'3', 0, NULL, NULL, NULL, NULL)
INSERT [dbo].[M_Lookups] ([LookupsID], [Module], [Category], [DisplayName], [ArDisplayName], [DisplayOrder], [DeleteFlag], [CreatedBy], [UpdatedBy], [CreatedDateTime], [UpdatedDateTime]) VALUES (73, N'MediaNewPhotoGrapherRequest', N'Status', N'Draft', N'مسودة', N'4', 0, NULL, NULL, NULL, NULL)
INSERT [dbo].[M_Lookups] ([LookupsID], [Module], [Category], [DisplayName], [ArDisplayName], [DisplayOrder], [DeleteFlag], [CreatedBy], [UpdatedBy], [CreatedDateTime], [UpdatedDateTime]) VALUES (74, N'MediaNewPhotoGrapherRequest', N'Status', N'Waiting for Approval', N'بانتظار الموافقة', N'5', 0, NULL, NULL, NULL, NULL)
INSERT [dbo].[M_Lookups] ([LookupsID], [Module], [Category], [DisplayName], [ArDisplayName], [DisplayOrder], [DeleteFlag], [CreatedBy], [UpdatedBy], [CreatedDateTime], [UpdatedDateTime]) VALUES (75, N'MediaNewPhotoGrapherRequest', N'Status', N'Rejected', N'مرفوض', N'6', 0, NULL, NULL, NULL, NULL)
INSERT [dbo].[M_Lookups] ([LookupsID], [Module], [Category], [DisplayName], [ArDisplayName], [DisplayOrder], [DeleteFlag], [CreatedBy], [UpdatedBy], [CreatedDateTime], [UpdatedDateTime]) VALUES (76, N'MediaNewPressReleaseRequest', N'Status', N'Under Process', N'قيد التنفيذ', N'1', 0, NULL, NULL, NULL, NULL)
INSERT [dbo].[M_Lookups] ([LookupsID], [Module], [Category], [DisplayName], [ArDisplayName], [DisplayOrder], [DeleteFlag], [CreatedBy], [UpdatedBy], [CreatedDateTime], [UpdatedDateTime]) VALUES (77, N'MediaNewPressReleaseRequest', N'Status', N'Pending for Resubmission', N'في انتظار إعادة التقديم', N'2', 0, NULL, NULL, NULL, NULL)
INSERT [dbo].[M_Lookups] ([LookupsID], [Module], [Category], [DisplayName], [ArDisplayName], [DisplayOrder], [DeleteFlag], [CreatedBy], [UpdatedBy], [CreatedDateTime], [UpdatedDateTime]) VALUES (78, N'MediaNewPressReleaseRequest', N'Status', N'Closed', N'تمت', N'3', 0, NULL, NULL, NULL, NULL)
INSERT [dbo].[M_Lookups] ([LookupsID], [Module], [Category], [DisplayName], [ArDisplayName], [DisplayOrder], [DeleteFlag], [CreatedBy], [UpdatedBy], [CreatedDateTime], [UpdatedDateTime]) VALUES (79, N'MediaNewPressReleaseRequest', N'Status', N'Draft', N'مسودة', N'4', 0, NULL, NULL, NULL, NULL)
INSERT [dbo].[M_Lookups] ([LookupsID], [Module], [Category], [DisplayName], [ArDisplayName], [DisplayOrder], [DeleteFlag], [CreatedBy], [UpdatedBy], [CreatedDateTime], [UpdatedDateTime]) VALUES (80, N'MediaNewPressReleaseRequest', N'Status', N'Waiting for Approval', N'بانتظار الموافقة', N'5', 0, NULL, NULL, NULL, NULL)
INSERT [dbo].[M_Lookups] ([LookupsID], [Module], [Category], [DisplayName], [ArDisplayName], [DisplayOrder], [DeleteFlag], [CreatedBy], [UpdatedBy], [CreatedDateTime], [UpdatedDateTime]) VALUES (81, N'MediaNewPressReleaseRequest', N'Status', N'Rejected', N'مرفوض', N'6', 0, NULL, NULL, NULL, NULL)
INSERT [dbo].[M_Lookups] ([LookupsID], [Module], [Category], [DisplayName], [ArDisplayName], [DisplayOrder], [DeleteFlag], [CreatedBy], [UpdatedBy], [CreatedDateTime], [UpdatedDateTime]) VALUES (82, N'MediaNewCampaignRequest', N'Status', N'Under Process', N'قيد التنفيذ', N'1', 0, NULL, NULL, NULL, NULL)
INSERT [dbo].[M_Lookups] ([LookupsID], [Module], [Category], [DisplayName], [ArDisplayName], [DisplayOrder], [DeleteFlag], [CreatedBy], [UpdatedBy], [CreatedDateTime], [UpdatedDateTime]) VALUES (83, N'MediaNewCampaignRequest', N'Status', N'Pending for Resubmission', N'في انتظار إعادة التقديم', N'2', 0, NULL, NULL, NULL, NULL)
INSERT [dbo].[M_Lookups] ([LookupsID], [Module], [Category], [DisplayName], [ArDisplayName], [DisplayOrder], [DeleteFlag], [CreatedBy], [UpdatedBy], [CreatedDateTime], [UpdatedDateTime]) VALUES (84, N'MediaNewCampaignRequest', N'Status', N'Closed', N'تمت', N'3', 0, NULL, NULL, NULL, NULL)
INSERT [dbo].[M_Lookups] ([LookupsID], [Module], [Category], [DisplayName], [ArDisplayName], [DisplayOrder], [DeleteFlag], [CreatedBy], [UpdatedBy], [CreatedDateTime], [UpdatedDateTime]) VALUES (85, N'MediaNewCampaignRequest', N'Status', N'Draft', N'مسودة', N'4', 0, NULL, NULL, NULL, NULL)
INSERT [dbo].[M_Lookups] ([LookupsID], [Module], [Category], [DisplayName], [ArDisplayName], [DisplayOrder], [DeleteFlag], [CreatedBy], [UpdatedBy], [CreatedDateTime], [UpdatedDateTime]) VALUES (86, N'MediaNewCampaignRequest', N'Status', N'Waiting for Approval', N'بانتظار الموافقة', N'5', 0, NULL, NULL, NULL, NULL)
INSERT [dbo].[M_Lookups] ([LookupsID], [Module], [Category], [DisplayName], [ArDisplayName], [DisplayOrder], [DeleteFlag], [CreatedBy], [UpdatedBy], [CreatedDateTime], [UpdatedDateTime]) VALUES (87, N'MediaNewCampaignRequest', N'Status', N'Rejected', N'مرفوض', N'6', 0, NULL, NULL, NULL, NULL)
INSERT [dbo].[M_Lookups] ([LookupsID], [Module], [Category], [DisplayName], [ArDisplayName], [DisplayOrder], [DeleteFlag], [CreatedBy], [UpdatedBy], [CreatedDateTime], [UpdatedDateTime]) VALUES (88, N'MediaPhotoRequest', N'Status', N'Under Process', N'قيد التنفيذ', N'1', 0, NULL, NULL, NULL, NULL)
INSERT [dbo].[M_Lookups] ([LookupsID], [Module], [Category], [DisplayName], [ArDisplayName], [DisplayOrder], [DeleteFlag], [CreatedBy], [UpdatedBy], [CreatedDateTime], [UpdatedDateTime]) VALUES (89, N'MediaPhotoRequest', N'Status', N'Pending for Resubmission', N'في انتظار إعادة التقديم', N'2', 0, NULL, NULL, NULL, NULL)
INSERT [dbo].[M_Lookups] ([LookupsID], [Module], [Category], [DisplayName], [ArDisplayName], [DisplayOrder], [DeleteFlag], [CreatedBy], [UpdatedBy], [CreatedDateTime], [UpdatedDateTime]) VALUES (90, N'MediaPhotoRequest', N'Status', N'Closed', N'تمت', N'3', 0, NULL, NULL, NULL, NULL)
INSERT [dbo].[M_Lookups] ([LookupsID], [Module], [Category], [DisplayName], [ArDisplayName], [DisplayOrder], [DeleteFlag], [CreatedBy], [UpdatedBy], [CreatedDateTime], [UpdatedDateTime]) VALUES (91, N'MediaPhotoRequest', N'Status', N'Draft', N'مسودة', N'4', 0, NULL, NULL, NULL, NULL)
INSERT [dbo].[M_Lookups] ([LookupsID], [Module], [Category], [DisplayName], [ArDisplayName], [DisplayOrder], [DeleteFlag], [CreatedBy], [UpdatedBy], [CreatedDateTime], [UpdatedDateTime]) VALUES (92, N'MediaPhotoRequest', N'Status', N'Waiting for Approval', N'بانتظار الموافقة', N'5', 0, NULL, NULL, NULL, NULL)
INSERT [dbo].[M_Lookups] ([LookupsID], [Module], [Category], [DisplayName], [ArDisplayName], [DisplayOrder], [DeleteFlag], [CreatedBy], [UpdatedBy], [CreatedDateTime], [UpdatedDateTime]) VALUES (93, N'MediaPhotoRequest', N'Status', N'Rejected', N'مرفوض', N'6', 0, NULL, NULL, NULL, NULL)
INSERT [dbo].[M_Lookups] ([LookupsID], [Module], [Category], [DisplayName], [ArDisplayName], [DisplayOrder], [DeleteFlag], [CreatedBy], [UpdatedBy], [CreatedDateTime], [UpdatedDateTime]) VALUES (94, N'ITSupport', N'Status', N'Under Process', N'قيد التنفيذ', N'1', 0, NULL, NULL, NULL, NULL)
INSERT [dbo].[M_Lookups] ([LookupsID], [Module], [Category], [DisplayName], [ArDisplayName], [DisplayOrder], [DeleteFlag], [CreatedBy], [UpdatedBy], [CreatedDateTime], [UpdatedDateTime]) VALUES (95, N'ITSupport', N'Status', N'Closed', N'تمت', N'2', 0, NULL, NULL, NULL, NULL)
INSERT [dbo].[M_Lookups] ([LookupsID], [Module], [Category], [DisplayName], [ArDisplayName], [DisplayOrder], [DeleteFlag], [CreatedBy], [UpdatedBy], [CreatedDateTime], [UpdatedDateTime]) VALUES (96, N'DiwanIdentity', N'Status', N'Under Process', N'قيد التنفيذ', N'1', 0, NULL, NULL, NULL, NULL)
INSERT [dbo].[M_Lookups] ([LookupsID], [Module], [Category], [DisplayName], [ArDisplayName], [DisplayOrder], [DeleteFlag], [CreatedBy], [UpdatedBy], [CreatedDateTime], [UpdatedDateTime]) VALUES (97, N'DiwanIdentity', N'Status', N'Pending for Resubmission', N'في انتظار إعادة التقديم', N'2', 0, NULL, NULL, NULL, NULL)
INSERT [dbo].[M_Lookups] ([LookupsID], [Module], [Category], [DisplayName], [ArDisplayName], [DisplayOrder], [DeleteFlag], [CreatedBy], [UpdatedBy], [CreatedDateTime], [UpdatedDateTime]) VALUES (98, N'DiwanIdentity', N'Status', N'Closed', N'تمت', N'3', 0, NULL, NULL, NULL, NULL)
INSERT [dbo].[M_Lookups] ([LookupsID], [Module], [Category], [DisplayName], [ArDisplayName], [DisplayOrder], [DeleteFlag], [CreatedBy], [UpdatedBy], [CreatedDateTime], [UpdatedDateTime]) VALUES (99, N'DiwanIdentity', N'Status', N'Draft', N'مسودة', N'4', 0, NULL, NULL, NULL, NULL)
GO
INSERT [dbo].[M_Lookups] ([LookupsID], [Module], [Category], [DisplayName], [ArDisplayName], [DisplayOrder], [DeleteFlag], [CreatedBy], [UpdatedBy], [CreatedDateTime], [UpdatedDateTime]) VALUES (100, N'DiwanIdentity', N'Status', N'Waiting for Approval', N'بانتظار الموافقة', N'5', 0, NULL, NULL, NULL, NULL)
INSERT [dbo].[M_Lookups] ([LookupsID], [Module], [Category], [DisplayName], [ArDisplayName], [DisplayOrder], [DeleteFlag], [CreatedBy], [UpdatedBy], [CreatedDateTime], [UpdatedDateTime]) VALUES (101, N'DiwanIdentity', N'Status', N'Rejected', N'مرفوض', N'6', 0, NULL, NULL, NULL, NULL)
INSERT [dbo].[M_Lookups] ([LookupsID], [Module], [Category], [DisplayName], [ArDisplayName], [DisplayOrder], [DeleteFlag], [CreatedBy], [UpdatedBy], [CreatedDateTime], [UpdatedDateTime]) VALUES (102, N'Legal', N'Status', N'New', N'الجديد', N'1', 0, NULL, NULL, NULL, NULL)
INSERT [dbo].[M_Lookups] ([LookupsID], [Module], [Category], [DisplayName], [ArDisplayName], [DisplayOrder], [DeleteFlag], [CreatedBy], [UpdatedBy], [CreatedDateTime], [UpdatedDateTime]) VALUES (103, N'Legal', N'Status', N'Under Process', N'قيد التنفيذ', N'2', 0, NULL, NULL, NULL, NULL)
INSERT [dbo].[M_Lookups] ([LookupsID], [Module], [Category], [DisplayName], [ArDisplayName], [DisplayOrder], [DeleteFlag], [CreatedBy], [UpdatedBy], [CreatedDateTime], [UpdatedDateTime]) VALUES (104, N'Legal', N'Status', N'Pending for Resubmission', N'في انتظار إعادة التقديم', N'3', 0, NULL, NULL, NULL, NULL)
INSERT [dbo].[M_Lookups] ([LookupsID], [Module], [Category], [DisplayName], [ArDisplayName], [DisplayOrder], [DeleteFlag], [CreatedBy], [UpdatedBy], [CreatedDateTime], [UpdatedDateTime]) VALUES (105, N'Legal', N'Status', N'Closed', N'تمت', N'4', 0, NULL, NULL, NULL, NULL)
INSERT [dbo].[M_Lookups] ([LookupsID], [Module], [Category], [DisplayName], [ArDisplayName], [DisplayOrder], [DeleteFlag], [CreatedBy], [UpdatedBy], [CreatedDateTime], [UpdatedDateTime]) VALUES (106, N'Contact', N'Status', N'Submit', N'إرسال', N'1', 0, NULL, NULL, NULL, NULL)
INSERT [dbo].[M_Lookups] ([LookupsID], [Module], [Category], [DisplayName], [ArDisplayName], [DisplayOrder], [DeleteFlag], [CreatedBy], [UpdatedBy], [CreatedDateTime], [UpdatedDateTime]) VALUES (107, N'OfficialTask', N'Status', N'Completed', N'منجزة', N'2', 0, NULL, NULL, NULL, NULL)
INSERT [dbo].[M_Lookups] ([LookupsID], [Module], [Category], [DisplayName], [ArDisplayName], [DisplayOrder], [DeleteFlag], [CreatedBy], [UpdatedBy], [CreatedDateTime], [UpdatedDateTime]) VALUES (108, N'Compensation', N'Status', N'Waiting for Approval', N'بانتظار الموافقة', N'1', 0, NULL, NULL, NULL, NULL)
INSERT [dbo].[M_Lookups] ([LookupsID], [Module], [Category], [DisplayName], [ArDisplayName], [DisplayOrder], [DeleteFlag], [CreatedBy], [UpdatedBy], [CreatedDateTime], [UpdatedDateTime]) VALUES (109, N'Compensation', N'Status', N'Under Process', N'قيد التنفيذ', N'2', 0, NULL, NULL, NULL, NULL)
INSERT [dbo].[M_Lookups] ([LookupsID], [Module], [Category], [DisplayName], [ArDisplayName], [DisplayOrder], [DeleteFlag], [CreatedBy], [UpdatedBy], [CreatedDateTime], [UpdatedDateTime]) VALUES (110, N'Compensation', N'Status', N'Pending for Resubmission', N'في انتظار إعادة التقديم', N'3', 0, NULL, NULL, NULL, NULL)
INSERT [dbo].[M_Lookups] ([LookupsID], [Module], [Category], [DisplayName], [ArDisplayName], [DisplayOrder], [DeleteFlag], [CreatedBy], [UpdatedBy], [CreatedDateTime], [UpdatedDateTime]) VALUES (111, N'Compensation', N'Status', N'Closed', N'تمت', N'4', 0, NULL, NULL, NULL, NULL)
INSERT [dbo].[M_Lookups] ([LookupsID], [Module], [Category], [DisplayName], [ArDisplayName], [DisplayOrder], [DeleteFlag], [CreatedBy], [UpdatedBy], [CreatedDateTime], [UpdatedDateTime]) VALUES (112, N'Compensation', N'Status', N'Rejected', N'مرفوض', N'5', 0, NULL, NULL, NULL, NULL)
INSERT [dbo].[M_Lookups] ([LookupsID], [Module], [Category], [DisplayName], [ArDisplayName], [DisplayOrder], [DeleteFlag], [CreatedBy], [UpdatedBy], [CreatedDateTime], [UpdatedDateTime]) VALUES (113, N'OfficialTask', N'Status', N'Under Process', N'قيد التنفيذ', N'1', 0, NULL, NULL, NULL, NULL)
INSERT [dbo].[M_Lookups] ([LookupsID], [Module], [Category], [DisplayName], [ArDisplayName], [DisplayOrder], [DeleteFlag], [CreatedBy], [UpdatedBy], [CreatedDateTime], [UpdatedDateTime]) VALUES (114, N'Meeting', N'Status', N'Under Process', N'قيد التنفيذ', N'1', 0, NULL, NULL, NULL, NULL)
INSERT [dbo].[M_Lookups] ([LookupsID], [Module], [Category], [DisplayName], [ArDisplayName], [DisplayOrder], [DeleteFlag], [CreatedBy], [UpdatedBy], [CreatedDateTime], [UpdatedDateTime]) VALUES (115, N'Meeting', N'Status', N'Cancelled', N'ملغى', N'2', 0, NULL, NULL, NULL, NULL)
INSERT [dbo].[M_Lookups] ([LookupsID], [Module], [Category], [DisplayName], [ArDisplayName], [DisplayOrder], [DeleteFlag], [CreatedBy], [UpdatedBy], [CreatedDateTime], [UpdatedDateTime]) VALUES (116, N'Gift', N'Status', N'Gift Received', N'الهدايا المستلمة', N'1', 0, NULL, NULL, NULL, NULL)
INSERT [dbo].[M_Lookups] ([LookupsID], [Module], [Category], [DisplayName], [ArDisplayName], [DisplayOrder], [DeleteFlag], [CreatedBy], [UpdatedBy], [CreatedDateTime], [UpdatedDateTime]) VALUES (117, N'Gift', N'Status', N'Gift Purchased', N'الهدايا المشتراة', N'2', 0, NULL, NULL, NULL, NULL)
INSERT [dbo].[M_Lookups] ([LookupsID], [Module], [Category], [DisplayName], [ArDisplayName], [DisplayOrder], [DeleteFlag], [CreatedBy], [UpdatedBy], [CreatedDateTime], [UpdatedDateTime]) VALUES (118, N'Gift', N'Status', N'Send for Delivery', N'إرسال للتسليم', N'3', 0, NULL, NULL, NULL, NULL)
INSERT [dbo].[M_Lookups] ([LookupsID], [Module], [Category], [DisplayName], [ArDisplayName], [DisplayOrder], [DeleteFlag], [CreatedBy], [UpdatedBy], [CreatedDateTime], [UpdatedDateTime]) VALUES (119, N'Gift', N'Status', N'Delivery Confirmed', N'تأكيد التسليم', N'4', 0, NULL, NULL, NULL, NULL)
INSERT [dbo].[M_Lookups] ([LookupsID], [Module], [Category], [DisplayName], [ArDisplayName], [DisplayOrder], [DeleteFlag], [CreatedBy], [UpdatedBy], [CreatedDateTime], [UpdatedDateTime]) VALUES (120, N'Calendar', N'Status', N'Waiting for Approval', N'بانتظار الموافقة', N'1', 0, NULL, NULL, NULL, NULL)
INSERT [dbo].[M_Lookups] ([LookupsID], [Module], [Category], [DisplayName], [ArDisplayName], [DisplayOrder], [DeleteFlag], [CreatedBy], [UpdatedBy], [CreatedDateTime], [UpdatedDateTime]) VALUES (121, N'Calendar', N'Status', N'Approved', N'معتمد', N'2', 0, NULL, NULL, NULL, NULL)
INSERT [dbo].[M_Lookups] ([LookupsID], [Module], [Category], [DisplayName], [ArDisplayName], [DisplayOrder], [DeleteFlag], [CreatedBy], [UpdatedBy], [CreatedDateTime], [UpdatedDateTime]) VALUES (122, N'Calendar', N'Status', N'Pending for Resubmission', N'في انتظار إعادة التقديم', N'3', 0, NULL, NULL, NULL, NULL)
INSERT [dbo].[M_Lookups] ([LookupsID], [Module], [Category], [DisplayName], [ArDisplayName], [DisplayOrder], [DeleteFlag], [CreatedBy], [UpdatedBy], [CreatedDateTime], [UpdatedDateTime]) VALUES (123, N'Calendar', N'Status', N'Rejected', N'مرفوض', N'4', 0, NULL, NULL, NULL, NULL)
INSERT [dbo].[M_Lookups] ([LookupsID], [Module], [Category], [DisplayName], [ArDisplayName], [DisplayOrder], [DeleteFlag], [CreatedBy], [UpdatedBy], [CreatedDateTime], [UpdatedDateTime]) VALUES (124, N'Calendar', N'Status', N'Completed', N'منجزة', N'5', 0, NULL, NULL, NULL, NULL)
INSERT [dbo].[M_Lookups] ([LookupsID], [Module], [Category], [DisplayName], [ArDisplayName], [DisplayOrder], [DeleteFlag], [CreatedBy], [UpdatedBy], [CreatedDateTime], [UpdatedDateTime]) VALUES (125, N'All', N'MailRemainder', N'1', NULL, N'1', 0, NULL, N'28', NULL, CAST(N'2019-11-23T17:54:07.873' AS DateTime))
INSERT [dbo].[M_Lookups] ([LookupsID], [Module], [Category], [DisplayName], [ArDisplayName], [DisplayOrder], [DeleteFlag], [CreatedBy], [UpdatedBy], [CreatedDateTime], [UpdatedDateTime]) VALUES (126, N'0', N'Priority', N'High', N'فائق الأهمية', N'1', 0, NULL, NULL, NULL, NULL)
INSERT [dbo].[M_Lookups] ([LookupsID], [Module], [Category], [DisplayName], [ArDisplayName], [DisplayOrder], [DeleteFlag], [CreatedBy], [UpdatedBy], [CreatedDateTime], [UpdatedDateTime]) VALUES (127, N'1', N'Priority', N'Medium', N'متوسط الأهمية', N'2', 0, NULL, NULL, NULL, NULL)
INSERT [dbo].[M_Lookups] ([LookupsID], [Module], [Category], [DisplayName], [ArDisplayName], [DisplayOrder], [DeleteFlag], [CreatedBy], [UpdatedBy], [CreatedDateTime], [UpdatedDateTime]) VALUES (128, N'2', N'Priority', N'Low', N'منخفض الأهمية', N'3', 0, NULL, NULL, NULL, NULL)
INSERT [dbo].[M_Lookups] ([LookupsID], [Module], [Category], [DisplayName], [ArDisplayName], [DisplayOrder], [DeleteFlag], [CreatedBy], [UpdatedBy], [CreatedDateTime], [UpdatedDateTime]) VALUES (129, N'3', N'Priority', N'VeryLow', N'غير مهم', N'4', 0, NULL, NULL, NULL, NULL)
INSERT [dbo].[M_Lookups] ([LookupsID], [Module], [Category], [DisplayName], [ArDisplayName], [DisplayOrder], [DeleteFlag], [CreatedBy], [UpdatedBy], [CreatedDateTime], [UpdatedDateTime]) VALUES (130, N'1', N'Private', N'Yes', N'نعم', NULL, 0, NULL, NULL, NULL, NULL)
INSERT [dbo].[M_Lookups] ([LookupsID], [Module], [Category], [DisplayName], [ArDisplayName], [DisplayOrder], [DeleteFlag], [CreatedBy], [UpdatedBy], [CreatedDateTime], [UpdatedDateTime]) VALUES (131, N'0', N'Private', N'No', N'لا', NULL, 0, NULL, NULL, NULL, NULL)
INSERT [dbo].[M_Lookups] ([LookupsID], [Module], [Category], [DisplayName], [ArDisplayName], [DisplayOrder], [DeleteFlag], [CreatedBy], [UpdatedBy], [CreatedDateTime], [UpdatedDateTime]) VALUES (132, N'1', N'RequestType', N'Request For Photo', N'طلب صورة', NULL, 0, NULL, NULL, NULL, NULL)
INSERT [dbo].[M_Lookups] ([LookupsID], [Module], [Category], [DisplayName], [ArDisplayName], [DisplayOrder], [DeleteFlag], [CreatedBy], [UpdatedBy], [CreatedDateTime], [UpdatedDateTime]) VALUES (133, N'2', N'RequestType', N'Request For Design', N'طلب تصميم', NULL, 0, NULL, NULL, NULL, NULL)
INSERT [dbo].[M_Lookups] ([LookupsID], [Module], [Category], [DisplayName], [ArDisplayName], [DisplayOrder], [DeleteFlag], [CreatedBy], [UpdatedBy], [CreatedDateTime], [UpdatedDateTime]) VALUES (134, N'3', N'RequestType', N'Request For PressRelease', N'طلب بيان صحفي', NULL, 0, NULL, NULL, NULL, NULL)
INSERT [dbo].[M_Lookups] ([LookupsID], [Module], [Category], [DisplayName], [ArDisplayName], [DisplayOrder], [DeleteFlag], [CreatedBy], [UpdatedBy], [CreatedDateTime], [UpdatedDateTime]) VALUES (135, N'4', N'RequestType', N'Request For Campaign', N'طلب حملة', NULL, 0, NULL, NULL, NULL, NULL)
INSERT [dbo].[M_Lookups] ([LookupsID], [Module], [Category], [DisplayName], [ArDisplayName], [DisplayOrder], [DeleteFlag], [CreatedBy], [UpdatedBy], [CreatedDateTime], [UpdatedDateTime]) VALUES (136, N'5', N'RequestType', N'Request For Photographer', N'طلب مصور', NULL, 0, NULL, NULL, NULL, NULL)
INSERT [dbo].[M_Lookups] ([LookupsID], [Module], [Category], [DisplayName], [ArDisplayName], [DisplayOrder], [DeleteFlag], [CreatedBy], [UpdatedBy], [CreatedDateTime], [UpdatedDateTime]) VALUES (137, N'6', N'RequestType', N'Request For Diwan Identity', N'طلب استخدام هوية الديوان', NULL, 0, NULL, NULL, NULL, NULL)
INSERT [dbo].[M_Lookups] ([LookupsID], [Module], [Category], [DisplayName], [ArDisplayName], [DisplayOrder], [DeleteFlag], [CreatedBy], [UpdatedBy], [CreatedDateTime], [UpdatedDateTime]) VALUES (138, N'1', N'GiftType', N'Gifts Received', N'الهدايا المستلمة', NULL, 0, NULL, NULL, NULL, NULL)
INSERT [dbo].[M_Lookups] ([LookupsID], [Module], [Category], [DisplayName], [ArDisplayName], [DisplayOrder], [DeleteFlag], [CreatedBy], [UpdatedBy], [CreatedDateTime], [UpdatedDateTime]) VALUES (139, N'2', N'GiftType', N'Gift Purchased', N'الهدايا المشتراة', NULL, 0, NULL, NULL, NULL, NULL)
INSERT [dbo].[M_Lookups] ([LookupsID], [Module], [Category], [DisplayName], [ArDisplayName], [DisplayOrder], [DeleteFlag], [CreatedBy], [UpdatedBy], [CreatedDateTime], [UpdatedDateTime]) VALUES (140, N'1', N'ITRequest', N'Support', N'الدعم', NULL, 0, NULL, NULL, NULL, NULL)
INSERT [dbo].[M_Lookups] ([LookupsID], [Module], [Category], [DisplayName], [ArDisplayName], [DisplayOrder], [DeleteFlag], [CreatedBy], [UpdatedBy], [CreatedDateTime], [UpdatedDateTime]) VALUES (141, N'2', N'ITRequest', N'Services', N'خدمات', NULL, 0, NULL, NULL, NULL, NULL)
INSERT [dbo].[M_Lookups] ([LookupsID], [Module], [Category], [DisplayName], [ArDisplayName], [DisplayOrder], [DeleteFlag], [CreatedBy], [UpdatedBy], [CreatedDateTime], [UpdatedDateTime]) VALUES (142, N'3', N'ITRequest', N'Components', N'المكونات', NULL, 0, NULL, NULL, NULL, NULL)
INSERT [dbo].[M_Lookups] ([LookupsID], [Module], [Category], [DisplayName], [ArDisplayName], [DisplayOrder], [DeleteFlag], [CreatedBy], [UpdatedBy], [CreatedDateTime], [UpdatedDateTime]) VALUES (143, N'6', N'HrRequestType', N'Leave Requests', N'طلب إجازة', NULL, 0, NULL, NULL, NULL, NULL)
INSERT [dbo].[M_Lookups] ([LookupsID], [Module], [Category], [DisplayName], [ArDisplayName], [DisplayOrder], [DeleteFlag], [CreatedBy], [UpdatedBy], [CreatedDateTime], [UpdatedDateTime]) VALUES (144, N'3', N'HrRequestType', N'Salary Certificate', N'طلب شهادة راتب', NULL, 0, NULL, NULL, NULL, NULL)
INSERT [dbo].[M_Lookups] ([LookupsID], [Module], [Category], [DisplayName], [ArDisplayName], [DisplayOrder], [DeleteFlag], [CreatedBy], [UpdatedBy], [CreatedDateTime], [UpdatedDateTime]) VALUES (145, N'4', N'HrRequestType', N'Experience Certificate', N'طلب شهادة خبرة', NULL, 0, NULL, NULL, NULL, NULL)
INSERT [dbo].[M_Lookups] ([LookupsID], [Module], [Category], [DisplayName], [ArDisplayName], [DisplayOrder], [DeleteFlag], [CreatedBy], [UpdatedBy], [CreatedDateTime], [UpdatedDateTime]) VALUES (146, N'2', N'HrRequestType', N'New Baby Addition', N'طلب إضافة طفل جديد', NULL, 0, NULL, NULL, NULL, NULL)
INSERT [dbo].[M_Lookups] ([LookupsID], [Module], [Category], [DisplayName], [ArDisplayName], [DisplayOrder], [DeleteFlag], [CreatedBy], [UpdatedBy], [CreatedDateTime], [UpdatedDateTime]) VALUES (147, N'1', N'HrRequestType', N'Announcement Requests', N'طلب إعلان', NULL, 0, NULL, NULL, NULL, NULL)
INSERT [dbo].[M_Lookups] ([LookupsID], [Module], [Category], [DisplayName], [ArDisplayName], [DisplayOrder], [DeleteFlag], [CreatedBy], [UpdatedBy], [CreatedDateTime], [UpdatedDateTime]) VALUES (148, N'8', N'HrRequestType', N'Training Requests', N'طلب تدريب', NULL, 0, NULL, NULL, NULL, NULL)
INSERT [dbo].[M_Lookups] ([LookupsID], [Module], [Category], [DisplayName], [ArDisplayName], [DisplayOrder], [DeleteFlag], [CreatedBy], [UpdatedBy], [CreatedDateTime], [UpdatedDateTime]) VALUES (149, N'7', N'HrRequestType', N'Official Requests', N'طلبات المهام الرسمية', NULL, 0, NULL, NULL, NULL, NULL)
INSERT [dbo].[M_Lookups] ([LookupsID], [Module], [Category], [DisplayName], [ArDisplayName], [DisplayOrder], [DeleteFlag], [CreatedBy], [UpdatedBy], [CreatedDateTime], [UpdatedDateTime]) VALUES (150, N'10', N'HrRequestType', N'Raise Complaints/Suggestions
	', N'طلب الشكاوي / والاقتراحات', NULL, 0, NULL, NULL, NULL, NULL)
INSERT [dbo].[M_Lookups] ([LookupsID], [Module], [Category], [DisplayName], [ArDisplayName], [DisplayOrder], [DeleteFlag], [CreatedBy], [UpdatedBy], [CreatedDateTime], [UpdatedDateTime]) VALUES (152, N'0', N'CARequestType', N'FieldVisit', N'زيارة ميدانية', NULL, 0, NULL, NULL, NULL, NULL)
INSERT [dbo].[M_Lookups] ([LookupsID], [Module], [Category], [DisplayName], [ArDisplayName], [DisplayOrder], [DeleteFlag], [CreatedBy], [UpdatedBy], [CreatedDateTime], [UpdatedDateTime]) VALUES (153, N'1', N'CARequestType', N'Personal Report', N'تقرير شخصي', NULL, 0, NULL, NULL, NULL, NULL)
INSERT [dbo].[M_Lookups] ([LookupsID], [Module], [Category], [DisplayName], [ArDisplayName], [DisplayOrder], [DeleteFlag], [CreatedBy], [UpdatedBy], [CreatedDateTime], [UpdatedDateTime]) VALUES (154, N'2', N'CARequestType', N'Complaints/Suggestion', N'شكوى', NULL, 0, NULL, NULL, NULL, NULL)
INSERT [dbo].[M_Lookups] ([LookupsID], [Module], [Category], [DisplayName], [ArDisplayName], [DisplayOrder], [DeleteFlag], [CreatedBy], [UpdatedBy], [CreatedDateTime], [UpdatedDateTime]) VALUES (155, N'0', N'DocumentClarification', N'Public', N'عامة', NULL, 0, NULL, NULL, NULL, NULL)
INSERT [dbo].[M_Lookups] ([LookupsID], [Module], [Category], [DisplayName], [ArDisplayName], [DisplayOrder], [DeleteFlag], [CreatedBy], [UpdatedBy], [CreatedDateTime], [UpdatedDateTime]) VALUES (156, N'1', N'DocumentClarification', N'Restricted', N'داخلي', NULL, 0, NULL, NULL, NULL, NULL)
INSERT [dbo].[M_Lookups] ([LookupsID], [Module], [Category], [DisplayName], [ArDisplayName], [DisplayOrder], [DeleteFlag], [CreatedBy], [UpdatedBy], [CreatedDateTime], [UpdatedDateTime]) VALUES (157, N'2', N'DocumentClarification', N'Confidential', N'سري', NULL, 0, NULL, NULL, NULL, NULL)
INSERT [dbo].[M_Lookups] ([LookupsID], [Module], [Category], [DisplayName], [ArDisplayName], [DisplayOrder], [DeleteFlag], [CreatedBy], [UpdatedBy], [CreatedDateTime], [UpdatedDateTime]) VALUES (158, N'3', N'DocumentClarification', N'Secret', N'سري للغاية', NULL, 0, NULL, NULL, NULL, NULL)
INSERT [dbo].[M_Lookups] ([LookupsID], [Module], [Category], [DisplayName], [ArDisplayName], [DisplayOrder], [DeleteFlag], [CreatedBy], [UpdatedBy], [CreatedDateTime], [UpdatedDateTime]) VALUES (159, N'0', N'Languages', N'English', N'الإنجليزية', NULL, 0, NULL, NULL, NULL, NULL)
INSERT [dbo].[M_Lookups] ([LookupsID], [Module], [Category], [DisplayName], [ArDisplayName], [DisplayOrder], [DeleteFlag], [CreatedBy], [UpdatedBy], [CreatedDateTime], [UpdatedDateTime]) VALUES (160, N'1', N'Languages', N'Arabic', N'عربى', NULL, 0, NULL, NULL, NULL, NULL)
INSERT [dbo].[M_Lookups] ([LookupsID], [Module], [Category], [DisplayName], [ArDisplayName], [DisplayOrder], [DeleteFlag], [CreatedBy], [UpdatedBy], [CreatedDateTime], [UpdatedDateTime]) VALUES (161, N'0', N'PressReleaseType', N'Social', N'اجتماعي', NULL, 0, NULL, NULL, NULL, NULL)
INSERT [dbo].[M_Lookups] ([LookupsID], [Module], [Category], [DisplayName], [ArDisplayName], [DisplayOrder], [DeleteFlag], [CreatedBy], [UpdatedBy], [CreatedDateTime], [UpdatedDateTime]) VALUES (162, N'1', N'PressReleaseType', N'Formal', N'رسمي', NULL, 0, NULL, NULL, NULL, NULL)
INSERT [dbo].[M_Lookups] ([LookupsID], [Module], [Category], [DisplayName], [ArDisplayName], [DisplayOrder], [DeleteFlag], [CreatedBy], [UpdatedBy], [CreatedDateTime], [UpdatedDateTime]) VALUES (163, N'1', N'NotificationEmail', N'EMail', N'البريد الإلكتروني', NULL, 0, NULL, NULL, NULL, NULL)
INSERT [dbo].[M_Lookups] ([LookupsID], [Module], [Category], [DisplayName], [ArDisplayName], [DisplayOrder], [DeleteFlag], [CreatedBy], [UpdatedBy], [CreatedDateTime], [UpdatedDateTime]) VALUES (164, N'1', N'NotificationSMS', N'SMS', N'رسالة قصيرة', NULL, 0, NULL, NULL, NULL, NULL)
INSERT [dbo].[M_Lookups] ([LookupsID], [Module], [Category], [DisplayName], [ArDisplayName], [DisplayOrder], [DeleteFlag], [CreatedBy], [UpdatedBy], [CreatedDateTime], [UpdatedDateTime]) VALUES (165, N'0', N'Title', N'Mr', N'السيد', NULL, 0, NULL, NULL, NULL, NULL)
INSERT [dbo].[M_Lookups] ([LookupsID], [Module], [Category], [DisplayName], [ArDisplayName], [DisplayOrder], [DeleteFlag], [CreatedBy], [UpdatedBy], [CreatedDateTime], [UpdatedDateTime]) VALUES (166, N'1', N'Title', N'Mrs', N'السيدة', NULL, 0, NULL, NULL, NULL, NULL)
INSERT [dbo].[M_Lookups] ([LookupsID], [Module], [Category], [DisplayName], [ArDisplayName], [DisplayOrder], [DeleteFlag], [CreatedBy], [UpdatedBy], [CreatedDateTime], [UpdatedDateTime]) VALUES (167, N'0', N'Gender', N'Male', N'ذكر', NULL, 0, NULL, NULL, NULL, NULL)
INSERT [dbo].[M_Lookups] ([LookupsID], [Module], [Category], [DisplayName], [ArDisplayName], [DisplayOrder], [DeleteFlag], [CreatedBy], [UpdatedBy], [CreatedDateTime], [UpdatedDateTime]) VALUES (168, N'1', N'Gender', N'Female', N'أنثى', NULL, 0, NULL, NULL, NULL, NULL)
INSERT [dbo].[M_Lookups] ([LookupsID], [Module], [Category], [DisplayName], [ArDisplayName], [DisplayOrder], [DeleteFlag], [CreatedBy], [UpdatedBy], [CreatedDateTime], [UpdatedDateTime]) VALUES (169, N'0', N'Resigned', N'No', N'لا', NULL, 0, NULL, NULL, NULL, NULL)
INSERT [dbo].[M_Lookups] ([LookupsID], [Module], [Category], [DisplayName], [ArDisplayName], [DisplayOrder], [DeleteFlag], [CreatedBy], [UpdatedBy], [CreatedDateTime], [UpdatedDateTime]) VALUES (170, N'1', N'Resigned', N'Yes', N'نعم فعلا', NULL, 0, NULL, NULL, NULL, NULL)
INSERT [dbo].[M_Lookups] ([LookupsID], [Module], [Category], [DisplayName], [ArDisplayName], [DisplayOrder], [DeleteFlag], [CreatedBy], [UpdatedBy], [CreatedDateTime], [UpdatedDateTime]) VALUES (171, N'1', N'CreatedBy', N'Anonymous', N'عدم تحديد الاسم', NULL, 0, NULL, NULL, NULL, NULL)
INSERT [dbo].[M_Lookups] ([LookupsID], [Module], [Category], [DisplayName], [ArDisplayName], [DisplayOrder], [DeleteFlag], [CreatedBy], [UpdatedBy], [CreatedDateTime], [UpdatedDateTime]) VALUES (172, N'0', N'CAType', N'Complaint', N'شكوى', NULL, 0, NULL, NULL, NULL, NULL)
INSERT [dbo].[M_Lookups] ([LookupsID], [Module], [Category], [DisplayName], [ArDisplayName], [DisplayOrder], [DeleteFlag], [CreatedBy], [UpdatedBy], [CreatedDateTime], [UpdatedDateTime]) VALUES (173, N'1', N'CAType', N'Suggestions', N'اقتراحات', NULL, 0, NULL, NULL, NULL, NULL)
INSERT [dbo].[M_Lookups] ([LookupsID], [Module], [Category], [DisplayName], [ArDisplayName], [DisplayOrder], [DeleteFlag], [CreatedBy], [UpdatedBy], [CreatedDateTime], [UpdatedDateTime]) VALUES (174, N'0', N'LeaveType', N'Vacation', N'عطلة', NULL, 0, NULL, NULL, NULL, NULL)
INSERT [dbo].[M_Lookups] ([LookupsID], [Module], [Category], [DisplayName], [ArDisplayName], [DisplayOrder], [DeleteFlag], [CreatedBy], [UpdatedBy], [CreatedDateTime], [UpdatedDateTime]) VALUES (175, N'1', N'LeaveType', N'Sick Leave', N'اجازة مرضية', NULL, 0, NULL, NULL, NULL, NULL)
INSERT [dbo].[M_Lookups] ([LookupsID], [Module], [Category], [DisplayName], [ArDisplayName], [DisplayOrder], [DeleteFlag], [CreatedBy], [UpdatedBy], [CreatedDateTime], [UpdatedDateTime]) VALUES (176, N'0', N'TrainingFor', N'Other Employee', N'موظف آخر', NULL, 0, NULL, NULL, NULL, NULL)
INSERT [dbo].[M_Lookups] ([LookupsID], [Module], [Category], [DisplayName], [ArDisplayName], [DisplayOrder], [DeleteFlag], [CreatedBy], [UpdatedBy], [CreatedDateTime], [UpdatedDateTime]) VALUES (177, N'1', N'TrainingFor', N'Myself', N'أنا', NULL, 0, NULL, NULL, NULL, NULL)
INSERT [dbo].[M_Lookups] ([LookupsID], [Module], [Category], [DisplayName], [ArDisplayName], [DisplayOrder], [DeleteFlag], [CreatedBy], [UpdatedBy], [CreatedDateTime], [UpdatedDateTime]) VALUES (178, N'0', N'NeedCompensation', N'Yes', N'نعم فعلا', NULL, 0, NULL, NULL, NULL, NULL)
INSERT [dbo].[M_Lookups] ([LookupsID], [Module], [Category], [DisplayName], [ArDisplayName], [DisplayOrder], [DeleteFlag], [CreatedBy], [UpdatedBy], [CreatedDateTime], [UpdatedDateTime]) VALUES (179, N'1', N'NeedCompensation', N'No', N'لا', NULL, 0, NULL, NULL, NULL, NULL)
INSERT [dbo].[M_Lookups] ([LookupsID], [Module], [Category], [DisplayName], [ArDisplayName], [DisplayOrder], [DeleteFlag], [CreatedBy], [UpdatedBy], [CreatedDateTime], [UpdatedDateTime]) VALUES (180, N'1', N'ITPriority', N'High', N'فائق الأهمية', NULL, 0, NULL, NULL, NULL, NULL)
INSERT [dbo].[M_Lookups] ([LookupsID], [Module], [Category], [DisplayName], [ArDisplayName], [DisplayOrder], [DeleteFlag], [CreatedBy], [UpdatedBy], [CreatedDateTime], [UpdatedDateTime]) VALUES (181, N'0', N'ITPriority', N'Low', N'منخفض الأهمية', NULL, 0, NULL, NULL, NULL, NULL)
INSERT [dbo].[M_Lookups] ([LookupsID], [Module], [Category], [DisplayName], [ArDisplayName], [DisplayOrder], [DeleteFlag], [CreatedBy], [UpdatedBy], [CreatedDateTime], [UpdatedDateTime]) VALUES (182, N'1', N'EmployeeStatus', N'Employed', N'العاملين ل', NULL, 0, NULL, NULL, NULL, NULL)
INSERT [dbo].[M_Lookups] ([LookupsID], [Module], [Category], [DisplayName], [ArDisplayName], [DisplayOrder], [DeleteFlag], [CreatedBy], [UpdatedBy], [CreatedDateTime], [UpdatedDateTime]) VALUES (183, N'2', N'EmployeeStatus', N'UnEmployed', N'عاطل عن العمل', NULL, 0, NULL, NULL, NULL, NULL)
INSERT [dbo].[M_Lookups] ([LookupsID], [Module], [Category], [DisplayName], [ArDisplayName], [DisplayOrder], [DeleteFlag], [CreatedBy], [UpdatedBy], [CreatedDateTime], [UpdatedDateTime]) VALUES (184, N'1', N'IsGovernmentEnity', N'Government Entity', N'جهة حكومية', NULL, 0, NULL, NULL, NULL, NULL)
INSERT [dbo].[M_Lookups] ([LookupsID], [Module], [Category], [DisplayName], [ArDisplayName], [DisplayOrder], [DeleteFlag], [CreatedBy], [UpdatedBy], [CreatedDateTime], [UpdatedDateTime]) VALUES (185, N'0', N'IsGovernmentEnity', N'Non-Government Enity', N'جهة غير حكومي', NULL, 0, NULL, NULL, NULL, NULL)
INSERT [dbo].[M_Lookups] ([LookupsID], [Module], [Category], [DisplayName], [ArDisplayName], [DisplayOrder], [DeleteFlag], [CreatedBy], [UpdatedBy], [CreatedDateTime], [UpdatedDateTime]) VALUES (186, N'0', N'History', N'Submitted By ', N'مقدم من ', NULL, 0, NULL, NULL, NULL, NULL)
INSERT [dbo].[M_Lookups] ([LookupsID], [Module], [Category], [DisplayName], [ArDisplayName], [DisplayOrder], [DeleteFlag], [CreatedBy], [UpdatedBy], [CreatedDateTime], [UpdatedDateTime]) VALUES (187, N'1', N'History', N'Deleted By ', N'تم الحذف بواسطة', NULL, 0, NULL, NULL, NULL, NULL)
INSERT [dbo].[M_Lookups] ([LookupsID], [Module], [Category], [DisplayName], [ArDisplayName], [DisplayOrder], [DeleteFlag], [CreatedBy], [UpdatedBy], [CreatedDateTime], [UpdatedDateTime]) VALUES (188, N'2', N'History', N'Completed By ', N'تم الإنهاء بواسطة', NULL, 0, NULL, NULL, NULL, NULL)
INSERT [dbo].[M_Lookups] ([LookupsID], [Module], [Category], [DisplayName], [ArDisplayName], [DisplayOrder], [DeleteFlag], [CreatedBy], [UpdatedBy], [CreatedDateTime], [UpdatedDateTime]) VALUES (189, N'3', N'History', N'Closed By ', N'مغلقة من قبل', NULL, 0, NULL, NULL, NULL, NULL)
INSERT [dbo].[M_Lookups] ([LookupsID], [Module], [Category], [DisplayName], [ArDisplayName], [DisplayOrder], [DeleteFlag], [CreatedBy], [UpdatedBy], [CreatedDateTime], [UpdatedDateTime]) VALUES (190, N'4', N'History', N' On behalf of  ', N'بالنيابة عن', NULL, 0, NULL, NULL, NULL, NULL)
INSERT [dbo].[M_Lookups] ([LookupsID], [Module], [Category], [DisplayName], [ArDisplayName], [DisplayOrder], [DeleteFlag], [CreatedBy], [UpdatedBy], [CreatedDateTime], [UpdatedDateTime]) VALUES (191, N'1', N'DutyTask', N'UAE', N'الإمارات العربية المتحدة', NULL, 0, NULL, NULL, NULL, NULL)
INSERT [dbo].[M_Lookups] ([LookupsID], [Module], [Category], [DisplayName], [ArDisplayName], [DisplayOrder], [DeleteFlag], [CreatedBy], [UpdatedBy], [CreatedDateTime], [UpdatedDateTime]) VALUES (192, N'2', N'DutyTask', N'Others', N'الآخرين', NULL, 0, NULL, NULL, NULL, NULL)
INSERT [dbo].[M_Lookups] ([LookupsID], [Module], [Category], [DisplayName], [ArDisplayName], [DisplayOrder], [DeleteFlag], [CreatedBy], [UpdatedBy], [CreatedDateTime], [UpdatedDateTime]) VALUES (193, N'DutyTask', N'Status', N'Deleted', N'محذوف  ', NULL, 0, NULL, NULL, NULL, NULL)
INSERT [dbo].[M_Lookups] ([LookupsID], [Module], [Category], [DisplayName], [ArDisplayName], [DisplayOrder], [DeleteFlag], [CreatedBy], [UpdatedBy], [CreatedDateTime], [UpdatedDateTime]) VALUES (194, N'1', N'Invitees', N'Internal', N'موظفي الديوان', NULL, 0, NULL, NULL, NULL, NULL)
INSERT [dbo].[M_Lookups] ([LookupsID], [Module], [Category], [DisplayName], [ArDisplayName], [DisplayOrder], [DeleteFlag], [CreatedBy], [UpdatedBy], [CreatedDateTime], [UpdatedDateTime]) VALUES (195, N'2', N'Invitees', N'External', N'من خارج الديوان', NULL, 0, NULL, NULL, NULL, NULL)
INSERT [dbo].[M_Lookups] ([LookupsID], [Module], [Category], [DisplayName], [ArDisplayName], [DisplayOrder], [DeleteFlag], [CreatedBy], [UpdatedBy], [CreatedDateTime], [UpdatedDateTime]) VALUES (196, N'3', N'Invitees', N'Internal and External', N'موظفو الديوان ومدعوون من خارج الديوان', NULL, 0, NULL, NULL, NULL, NULL)
INSERT [dbo].[M_Lookups] ([LookupsID], [Module], [Category], [DisplayName], [ArDisplayName], [DisplayOrder], [DeleteFlag], [CreatedBy], [UpdatedBy], [CreatedDateTime], [UpdatedDateTime]) VALUES (197, N'1', N'ALL', N'All', N'الكل', NULL, 0, NULL, NULL, NULL, NULL)
INSERT [dbo].[M_Lookups] ([LookupsID], [Module], [Category], [DisplayName], [ArDisplayName], [DisplayOrder], [DeleteFlag], [CreatedBy], [UpdatedBy], [CreatedDateTime], [UpdatedDateTime]) VALUES (198, N'CitizenAffair', N'2', N'External Requestor', N'طلب من جهة خارجية', N'1', 0, NULL, NULL, NULL, NULL)
INSERT [dbo].[M_Lookups] ([LookupsID], [Module], [Category], [DisplayName], [ArDisplayName], [DisplayOrder], [DeleteFlag], [CreatedBy], [UpdatedBy], [CreatedDateTime], [UpdatedDateTime]) VALUES (199, N'CitizenAffair', N'1', N'Internal Requestor', N'طلب داخلي', N'2', 0, NULL, NULL, NULL, NULL)
INSERT [dbo].[M_Lookups] ([LookupsID], [Module], [Category], [DisplayName], [ArDisplayName], [DisplayOrder], [DeleteFlag], [CreatedBy], [UpdatedBy], [CreatedDateTime], [UpdatedDateTime]) VALUES (200, N'CitizenAffair', N'location', N'Location', N'الموقع', N'1', 0, NULL, NULL, NULL, NULL)
GO
INSERT [dbo].[M_Lookups] ([LookupsID], [Module], [Category], [DisplayName], [ArDisplayName], [DisplayOrder], [DeleteFlag], [CreatedBy], [UpdatedBy], [CreatedDateTime], [UpdatedDateTime]) VALUES (201, N'CitizenAffair', N'personal', N'Personal', N'لمن', N'2', 0, NULL, NULL, NULL, NULL)
INSERT [dbo].[M_Lookups] ([LookupsID], [Module], [Category], [DisplayName], [ArDisplayName], [DisplayOrder], [DeleteFlag], [CreatedBy], [UpdatedBy], [CreatedDateTime], [UpdatedDateTime]) VALUES (202, N'ITSupport', N'Status', N'New', N'الجديد', N'1', 0, NULL, NULL, NULL, NULL)
INSERT [dbo].[M_Lookups] ([LookupsID], [Module], [Category], [DisplayName], [ArDisplayName], [DisplayOrder], [DeleteFlag], [CreatedBy], [UpdatedBy], [CreatedDateTime], [UpdatedDateTime]) VALUES (203, N'Certificate', N'Certificate', N'To whom it may concern', N'إلي من يهمه الامر', N'1', 0, NULL, NULL, NULL, NULL)
INSERT [dbo].[M_Lookups] ([LookupsID], [Module], [Category], [DisplayName], [ArDisplayName], [DisplayOrder], [DeleteFlag], [CreatedBy], [UpdatedBy], [CreatedDateTime], [UpdatedDateTime]) VALUES (204, N'Certificate', N'Certificate', N'Addressee', N'المرسل اليه', N'1', 0, NULL, NULL, NULL, NULL)
INSERT [dbo].[M_Lookups] ([LookupsID], [Module], [Category], [DisplayName], [ArDisplayName], [DisplayOrder], [DeleteFlag], [CreatedBy], [UpdatedBy], [CreatedDateTime], [UpdatedDateTime]) VALUES (205, N'Certificate', N'Certificate', N'General', N'عامة', N'1', 0, NULL, NULL, NULL, NULL)
INSERT [dbo].[M_Lookups] ([LookupsID], [Module], [Category], [DisplayName], [ArDisplayName], [DisplayOrder], [DeleteFlag], [CreatedBy], [UpdatedBy], [CreatedDateTime], [UpdatedDateTime]) VALUES (206, N'Certificate', N'Certificate', N'Detailed', N'مفصلة', N'1', 0, NULL, NULL, NULL, NULL)
INSERT [dbo].[M_Lookups] ([LookupsID], [Module], [Category], [DisplayName], [ArDisplayName], [DisplayOrder], [DeleteFlag], [CreatedBy], [UpdatedBy], [CreatedDateTime], [UpdatedDateTime]) VALUES (207, N'Common', N'Common', N'On behalf of', N'???????? ??', N'1', 0, NULL, NULL, NULL, NULL)
INSERT [dbo].[M_Lookups] ([LookupsID], [Module], [Category], [DisplayName], [ArDisplayName], [DisplayOrder], [DeleteFlag], [CreatedBy], [UpdatedBy], [CreatedDateTime], [UpdatedDateTime]) VALUES (208, N'EventType', N'EventType', N'Bulk', N'????? ?????', N'1', 0, NULL, NULL, NULL, NULL)
INSERT [dbo].[M_Lookups] ([LookupsID], [Module], [Category], [DisplayName], [ArDisplayName], [DisplayOrder], [DeleteFlag], [CreatedBy], [UpdatedBy], [CreatedDateTime], [UpdatedDateTime]) VALUES (210, N'Vehicle', N'Status', N'To be Assigned', N'جاهز للتكليف', N'2', 0, NULL, NULL, NULL, NULL)
INSERT [dbo].[M_Lookups] ([LookupsID], [Module], [Category], [DisplayName], [ArDisplayName], [DisplayOrder], [DeleteFlag], [CreatedBy], [UpdatedBy], [CreatedDateTime], [UpdatedDateTime]) VALUES (211, N'Vehicle', N'Status', N'To be Released', N'جاهز للإرسال', N'3', 0, NULL, NULL, NULL, NULL)
INSERT [dbo].[M_Lookups] ([LookupsID], [Module], [Category], [DisplayName], [ArDisplayName], [DisplayOrder], [DeleteFlag], [CreatedBy], [UpdatedBy], [CreatedDateTime], [UpdatedDateTime]) VALUES (212, N'Vehicle', N'Status', N'Released', N'تم الإرسال', N'4', 0, NULL, NULL, NULL, NULL)
INSERT [dbo].[M_Lookups] ([LookupsID], [Module], [Category], [DisplayName], [ArDisplayName], [DisplayOrder], [DeleteFlag], [CreatedBy], [UpdatedBy], [CreatedDateTime], [UpdatedDateTime]) VALUES (213, N'Vehicle', N'Status', N'Returned', N'تمت العودة', N'5', 0, NULL, NULL, NULL, NULL)
INSERT [dbo].[M_Lookups] ([LookupsID], [Module], [Category], [DisplayName], [ArDisplayName], [DisplayOrder], [DeleteFlag], [CreatedBy], [UpdatedBy], [CreatedDateTime], [UpdatedDateTime]) VALUES (214, N'Vehicle', N'Status', N'Waiting Receiver Confirmation', N'بانتظار تأكيد المستلم', N'6', 0, NULL, NULL, NULL, NULL)
INSERT [dbo].[M_Lookups] ([LookupsID], [Module], [Category], [DisplayName], [ArDisplayName], [DisplayOrder], [DeleteFlag], [CreatedBy], [UpdatedBy], [CreatedDateTime], [UpdatedDateTime]) VALUES (215, N'Vehicle', N'Status', N'Waiting for Return Confirmation', N'بانتظار تأكيد نموذج الإستلام', N'7', 0, NULL, NULL, NULL, NULL)
INSERT [dbo].[M_Lookups] ([LookupsID], [Module], [Category], [DisplayName], [ArDisplayName], [DisplayOrder], [DeleteFlag], [CreatedBy], [UpdatedBy], [CreatedDateTime], [UpdatedDateTime]) VALUES (216, N'Vehicle', N'Status', N'Closed', N'مغلقة', N'8', 0, NULL, NULL, NULL, NULL)
INSERT [dbo].[M_Lookups] ([LookupsID], [Module], [Category], [DisplayName], [ArDisplayName], [DisplayOrder], [DeleteFlag], [CreatedBy], [UpdatedBy], [CreatedDateTime], [UpdatedDateTime]) VALUES (217, N'Vehicle', N'Status', N'Rejected', N'مرفوضة', N'9', 0, NULL, NULL, NULL, NULL)
INSERT [dbo].[M_Lookups] ([LookupsID], [Module], [Category], [DisplayName], [ArDisplayName], [DisplayOrder], [DeleteFlag], [CreatedBy], [UpdatedBy], [CreatedDateTime], [UpdatedDateTime]) VALUES (218, N'Vehicle', N'Status', N'Waiting For Approval', N'قيد الاعتماد', N'10', 0, NULL, NULL, NULL, NULL)
INSERT [dbo].[M_Lookups] ([LookupsID], [Module], [Category], [DisplayName], [ArDisplayName], [DisplayOrder], [DeleteFlag], [CreatedBy], [UpdatedBy], [CreatedDateTime], [UpdatedDateTime]) VALUES (219, N'Time', N'Time', N'AM', N'صباحا', N'1', 0, NULL, NULL, NULL, NULL)
INSERT [dbo].[M_Lookups] ([LookupsID], [Module], [Category], [DisplayName], [ArDisplayName], [DisplayOrder], [DeleteFlag], [CreatedBy], [UpdatedBy], [CreatedDateTime], [UpdatedDateTime]) VALUES (220, N'Time', N'Time', N'PM', N'مساء', N'1', 0, NULL, NULL, NULL, NULL)
INSERT [dbo].[M_Lookups] ([LookupsID], [Module], [Category], [DisplayName], [ArDisplayName], [DisplayOrder], [DeleteFlag], [CreatedBy], [UpdatedBy], [CreatedDateTime], [UpdatedDateTime]) VALUES (221, N'VehicleRequestType', N'2', N'Temporary Car Without Driver', N'سيارة مؤقتة بدون سائق', N'1', 0, NULL, NULL, NULL, NULL)
INSERT [dbo].[M_Lookups] ([LookupsID], [Module], [Category], [DisplayName], [ArDisplayName], [DisplayOrder], [DeleteFlag], [CreatedBy], [UpdatedBy], [CreatedDateTime], [UpdatedDateTime]) VALUES (222, N'VehicleRequestType', N'1', N'Temporary Car With Driver', N'سيارة مؤقتة مع سائق', N'1', 0, NULL, NULL, NULL, NULL)
INSERT [dbo].[M_Lookups] ([LookupsID], [Module], [Category], [DisplayName], [ArDisplayName], [DisplayOrder], [DeleteFlag], [CreatedBy], [UpdatedBy], [CreatedDateTime], [UpdatedDateTime]) VALUES (223, N'VehicleRequestType', N'3', N'Permanent Car', N'سيارة دائمة', N'1', 0, NULL, NULL, NULL, NULL)
INSERT [dbo].[M_Lookups] ([LookupsID], [Module], [Category], [DisplayName], [ArDisplayName], [DisplayOrder], [DeleteFlag], [CreatedBy], [UpdatedBy], [CreatedDateTime], [UpdatedDateTime]) VALUES (224, N'Vehicle', N'Status', N'Cancelled', N'ملغى', N'11', 0, NULL, NULL, NULL, NULL)
INSERT [dbo].[M_Lookups] ([LookupsID], [Module], [Category], [DisplayName], [ArDisplayName], [DisplayOrder], [DeleteFlag], [CreatedBy], [UpdatedBy], [CreatedDateTime], [UpdatedDateTime]) VALUES (225, N'VehicleLocation', N'1', N'Abu Dhabi', N'أبو ظبي', N'12', 0, NULL, NULL, NULL, NULL)
INSERT [dbo].[M_Lookups] ([LookupsID], [Module], [Category], [DisplayName], [ArDisplayName], [DisplayOrder], [DeleteFlag], [CreatedBy], [UpdatedBy], [CreatedDateTime], [UpdatedDateTime]) VALUES (226, N'VehicleLocation', N'2', N'Madinat Zayed', N'مدينة زايد', N'12', 0, NULL, NULL, NULL, NULL)
INSERT [dbo].[M_Lookups] ([LookupsID], [Module], [Category], [DisplayName], [ArDisplayName], [DisplayOrder], [DeleteFlag], [CreatedBy], [UpdatedBy], [CreatedDateTime], [UpdatedDateTime]) VALUES (227, N'Vehicle', N'', N'Temporary', N'مركبة مؤقتة', N'1', 0, NULL, NULL, NULL, NULL)
INSERT [dbo].[M_Lookups] ([LookupsID], [Module], [Category], [DisplayName], [ArDisplayName], [DisplayOrder], [DeleteFlag], [CreatedBy], [UpdatedBy], [CreatedDateTime], [UpdatedDateTime]) VALUES (228, N'0', N'CreatedBy', N'Reporter', N'المنشئ', NULL, 0, NULL, NULL, NULL, NULL)
INSERT [dbo].[M_Lookups] ([LookupsID], [Module], [Category], [DisplayName], [ArDisplayName], [DisplayOrder], [DeleteFlag], [CreatedBy], [UpdatedBy], [CreatedDateTime], [UpdatedDateTime]) VALUES (229, N'0', N'System', N'WRD website', N'الموقع الإلكتروني', N'0', 0, NULL, NULL, NULL, NULL)
SET IDENTITY_INSERT [dbo].[M_Lookups] OFF
SET IDENTITY_INSERT [dbo].[M_MediaChannel] ON 

INSERT [dbo].[M_MediaChannel] ([MediaChannelID], [MediaChannelName], [ArMediaChannelName], [DisplayOrder], [DeleteFlag], [CreatedBy], [UpdatedBy], [CreatedDateTime], [UpdatedDateTime]) VALUES (1, N'Channel1', N'قناة1', N'1', 0, NULL, NULL, NULL, NULL)
INSERT [dbo].[M_MediaChannel] ([MediaChannelID], [MediaChannelName], [ArMediaChannelName], [DisplayOrder], [DeleteFlag], [CreatedBy], [UpdatedBy], [CreatedDateTime], [UpdatedDateTime]) VALUES (2, N'Channel2', N'قناة2', N'2', 0, NULL, NULL, NULL, NULL)
INSERT [dbo].[M_MediaChannel] ([MediaChannelID], [MediaChannelName], [ArMediaChannelName], [DisplayOrder], [DeleteFlag], [CreatedBy], [UpdatedBy], [CreatedDateTime], [UpdatedDateTime]) VALUES (3, N'ua', N'ca', N'3', 0, N'7', N'7', CAST(N'2019-10-23T04:16:07.100' AS DateTime), CAST(N'2019-10-23T04:16:17.637' AS DateTime))
SET IDENTITY_INSERT [dbo].[M_MediaChannel] OFF
SET IDENTITY_INSERT [dbo].[M_MeetingType] ON 

INSERT [dbo].[M_MeetingType] ([MeetingTypeID], [MeetingTypeName], [ArMeetingTypeName], [DisplayOrder], [DeleteFlag], [CreatedBy], [UpdatedBy], [CreatedDateTime], [UpdatedDateTime]) VALUES (1, N'Meeting', N'الاجتماعات', 1, 0, NULL, NULL, NULL, NULL)
INSERT [dbo].[M_MeetingType] ([MeetingTypeID], [MeetingTypeName], [ArMeetingTypeName], [DisplayOrder], [DeleteFlag], [CreatedBy], [UpdatedBy], [CreatedDateTime], [UpdatedDateTime]) VALUES (2, N'Workshop', N'ورشة عمل', 2, 0, NULL, NULL, NULL, NULL)
INSERT [dbo].[M_MeetingType] ([MeetingTypeID], [MeetingTypeName], [ArMeetingTypeName], [DisplayOrder], [DeleteFlag], [CreatedBy], [UpdatedBy], [CreatedDateTime], [UpdatedDateTime]) VALUES (3, N'Training', N'تدريب', 3, 0, NULL, NULL, NULL, NULL)
INSERT [dbo].[M_MeetingType] ([MeetingTypeID], [MeetingTypeName], [ArMeetingTypeName], [DisplayOrder], [DeleteFlag], [CreatedBy], [UpdatedBy], [CreatedDateTime], [UpdatedDateTime]) VALUES (5, N'testtest', N'tet', 3, 1, 28, 28, CAST(N'2019-11-23T18:10:48.517' AS DateTime), CAST(N'2019-11-23T18:10:59.590' AS DateTime))
SET IDENTITY_INSERT [dbo].[M_MeetingType] OFF
SET IDENTITY_INSERT [dbo].[M_Module] ON 

INSERT [dbo].[M_Module] ([ID], [ModuleName], [ModuleID]) VALUES (1, N'Memos', 1)
INSERT [dbo].[M_Module] ([ID], [ModuleName], [ModuleID]) VALUES (2, N'InboundLetters', 2)
INSERT [dbo].[M_Module] ([ID], [ModuleName], [ModuleID]) VALUES (3, N'OutboundLetters', 3)
INSERT [dbo].[M_Module] ([ID], [ModuleName], [ModuleID]) VALUES (4, N'DutyTask', 4)
INSERT [dbo].[M_Module] ([ID], [ModuleName], [ModuleID]) VALUES (5, N'Meetings', 5)
INSERT [dbo].[M_Module] ([ID], [ModuleName], [ModuleID]) VALUES (6, N'Circular', 6)
INSERT [dbo].[M_Module] ([ID], [ModuleName], [ModuleID]) VALUES (7, N'Legal', 7)
INSERT [dbo].[M_Module] ([ID], [ModuleName], [ModuleID]) VALUES (8, N'Citizen Affair', 8)
INSERT [dbo].[M_Module] ([ID], [ModuleName], [ModuleID]) VALUES (9, N'CA Compliant', 9)
INSERT [dbo].[M_Module] ([ID], [ModuleName], [ModuleID]) VALUES (10, N'Maintenance', 10)
INSERT [dbo].[M_Module] ([ID], [ModuleName], [ModuleID]) VALUES (11, N'Gift', 11)
INSERT [dbo].[M_Module] ([ID], [ModuleName], [ModuleID]) VALUES (12, N'Calendar', 12)
INSERT [dbo].[M_Module] ([ID], [ModuleName], [ModuleID]) VALUES (13, N'Request For Photo', 13)
INSERT [dbo].[M_Module] ([ID], [ModuleName], [ModuleID]) VALUES (14, N'Request For Design', 14)
INSERT [dbo].[M_Module] ([ID], [ModuleName], [ModuleID]) VALUES (15, N'Request For PressRelease', 15)
INSERT [dbo].[M_Module] ([ID], [ModuleName], [ModuleID]) VALUES (16, N'Request For Campaign', 16)
INSERT [dbo].[M_Module] ([ID], [ModuleName], [ModuleID]) VALUES (17, N'Request For Photographer', 17)
INSERT [dbo].[M_Module] ([ID], [ModuleName], [ModuleID]) VALUES (18, N'Request For Diwan Identity', 18)
INSERT [dbo].[M_Module] ([ID], [ModuleName], [ModuleID]) VALUES (19, N'Leave Requests', 19)
INSERT [dbo].[M_Module] ([ID], [ModuleName], [ModuleID]) VALUES (20, N'Salary Certificate', 20)
INSERT [dbo].[M_Module] ([ID], [ModuleName], [ModuleID]) VALUES (21, N'Experience Certificate', 21)
INSERT [dbo].[M_Module] ([ID], [ModuleName], [ModuleID]) VALUES (22, N'New Baby Addition', 22)
INSERT [dbo].[M_Module] ([ID], [ModuleName], [ModuleID]) VALUES (23, N'Announcement Requests', 23)
INSERT [dbo].[M_Module] ([ID], [ModuleName], [ModuleID]) VALUES (24, N'Training Requests', 24)
INSERT [dbo].[M_Module] ([ID], [ModuleName], [ModuleID]) VALUES (25, N'Official Requests', 25)
INSERT [dbo].[M_Module] ([ID], [ModuleName], [ModuleID]) VALUES (26, N'Raise Complaints/Suggestions
	', 26)
INSERT [dbo].[M_Module] ([ID], [ModuleName], [ModuleID]) VALUES (27, N'ITRequest', 27)
SET IDENTITY_INSERT [dbo].[M_Module] OFF
SET IDENTITY_INSERT [dbo].[M_Nationality] ON 

INSERT [dbo].[M_Nationality] ([NationalityID], [NationalityName], [ArNationalityName], [DisplayOrder], [DeleteFlag], [CreatedBy], [UpdatedBy], [CreatedDateTime], [UpdatedDateTime]) VALUES (1, N'Indian', N'هندي', N'1', 1, NULL, N'7', NULL, CAST(N'2019-12-24T13:17:48.827' AS DateTime))
INSERT [dbo].[M_Nationality] ([NationalityID], [NationalityName], [ArNationalityName], [DisplayOrder], [DeleteFlag], [CreatedBy], [UpdatedBy], [CreatedDateTime], [UpdatedDateTime]) VALUES (2, N'Brazilian', N'برازيلي
', N'2', 1, NULL, N'7', NULL, CAST(N'2019-12-24T13:17:56.357' AS DateTime))
INSERT [dbo].[M_Nationality] ([NationalityID], [NationalityName], [ArNationalityName], [DisplayOrder], [DeleteFlag], [CreatedBy], [UpdatedBy], [CreatedDateTime], [UpdatedDateTime]) VALUES (3, N'ua', N'ca', N'3', 1, N'7', N'7', CAST(N'2019-10-23T04:15:14.893' AS DateTime), CAST(N'2019-10-23T04:15:41.503' AS DateTime))
INSERT [dbo].[M_Nationality] ([NationalityID], [NationalityName], [ArNationalityName], [DisplayOrder], [DeleteFlag], [CreatedBy], [UpdatedBy], [CreatedDateTime], [UpdatedDateTime]) VALUES (4, N'UAE', N'', N'2', 1, N'7', N'7', CAST(N'2019-11-27T05:27:24.030' AS DateTime), CAST(N'2019-11-27T05:27:54.623' AS DateTime))
INSERT [dbo].[M_Nationality] ([NationalityID], [NationalityName], [ArNationalityName], [DisplayOrder], [DeleteFlag], [CreatedBy], [UpdatedBy], [CreatedDateTime], [UpdatedDateTime]) VALUES (5, N'UAE', N'', N'2', 1, N'7', N'7', CAST(N'2019-11-27T05:27:30.343' AS DateTime), CAST(N'2019-12-24T13:18:07.327' AS DateTime))
INSERT [dbo].[M_Nationality] ([NationalityID], [NationalityName], [ArNationalityName], [DisplayOrder], [DeleteFlag], [CreatedBy], [UpdatedBy], [CreatedDateTime], [UpdatedDateTime]) VALUES (6, N'UAE', N'إماراتي', N'3', 1, NULL, N'7', NULL, CAST(N'2019-12-24T13:18:12.920' AS DateTime))
INSERT [dbo].[M_Nationality] ([NationalityID], [NationalityName], [ArNationalityName], [DisplayOrder], [DeleteFlag], [CreatedBy], [UpdatedBy], [CreatedDateTime], [UpdatedDateTime]) VALUES (7, N'Emirati', N'إماراتي', N'0', 0, N'7', NULL, CAST(N'2019-12-24T13:18:32.683' AS DateTime), NULL)
INSERT [dbo].[M_Nationality] ([NationalityID], [NationalityName], [ArNationalityName], [DisplayOrder], [DeleteFlag], [CreatedBy], [UpdatedBy], [CreatedDateTime], [UpdatedDateTime]) VALUES (8, N'Egyption', N'مصر', N'1', 0, N'7', NULL, CAST(N'2019-12-24T13:18:53.200' AS DateTime), NULL)
SET IDENTITY_INSERT [dbo].[M_Nationality] OFF
SET IDENTITY_INSERT [dbo].[M_OfficialTaskRequest] ON 

INSERT [dbo].[M_OfficialTaskRequest] ([OfficialTaskRequestID], [OfficialTaskRequestName], [ArOfficialTaskRequestName], [DisplayOrder], [DeleteFlag], [CreatedBy], [UpdatedBy], [CreatedDateTime], [UpdatedDateTime]) VALUES (1, N'Official Task Assignment', N'مهمة رسمية
', N'1', 0, NULL, NULL, NULL, NULL)
INSERT [dbo].[M_OfficialTaskRequest] ([OfficialTaskRequestID], [OfficialTaskRequestName], [ArOfficialTaskRequestName], [DisplayOrder], [DeleteFlag], [CreatedBy], [UpdatedBy], [CreatedDateTime], [UpdatedDateTime]) VALUES (2, N'Return Form', N'نموذج الاسترجاع', N'2', 0, NULL, NULL, NULL, NULL)
INSERT [dbo].[M_OfficialTaskRequest] ([OfficialTaskRequestID], [OfficialTaskRequestName], [ArOfficialTaskRequestName], [DisplayOrder], [DeleteFlag], [CreatedBy], [UpdatedBy], [CreatedDateTime], [UpdatedDateTime]) VALUES (3, N'Administrative Decision', N'القرار الإداري', N'3', 0, NULL, NULL, NULL, NULL)
SET IDENTITY_INSERT [dbo].[M_OfficialTaskRequest] OFF
SET IDENTITY_INSERT [dbo].[M_Religion] ON 

INSERT [dbo].[M_Religion] ([ReligionID], [ReligionName], [ArReligionName], [DisplayOrder], [DeleteFlag], [CreatedBy], [UpdatedBy], [CreatedDateTime], [UpdatedDateTime]) VALUES (1, N'Islam', N'دين الاسلام
', N'1', 1, NULL, N'7', NULL, CAST(N'2019-12-24T13:16:55.497' AS DateTime))
INSERT [dbo].[M_Religion] ([ReligionID], [ReligionName], [ArReligionName], [DisplayOrder], [DeleteFlag], [CreatedBy], [UpdatedBy], [CreatedDateTime], [UpdatedDateTime]) VALUES (2, N'Hinduism', N'الهندوسية', N'2', 1, NULL, N'7', NULL, CAST(N'2019-12-24T13:17:01.060' AS DateTime))
INSERT [dbo].[M_Religion] ([ReligionID], [ReligionName], [ArReligionName], [DisplayOrder], [DeleteFlag], [CreatedBy], [UpdatedBy], [CreatedDateTime], [UpdatedDateTime]) VALUES (3, N'UA', N'CA', N'3', 1, N'7', N'7', CAST(N'2019-10-23T04:11:18.523' AS DateTime), CAST(N'2019-10-23T04:11:47.813' AS DateTime))
INSERT [dbo].[M_Religion] ([ReligionID], [ReligionName], [ArReligionName], [DisplayOrder], [DeleteFlag], [CreatedBy], [UpdatedBy], [CreatedDateTime], [UpdatedDateTime]) VALUES (4, N'Islam', N'الإسلام', N'1', 0, N'7', N'7', CAST(N'2019-12-24T13:17:19.747' AS DateTime), CAST(N'2019-12-25T08:10:28.473' AS DateTime))
INSERT [dbo].[M_Religion] ([ReligionID], [ReligionName], [ArReligionName], [DisplayOrder], [DeleteFlag], [CreatedBy], [UpdatedBy], [CreatedDateTime], [UpdatedDateTime]) VALUES (5, N'Christian', N'مسيحي', N'1', 0, N'7', NULL, CAST(N'2019-12-25T08:12:53.100' AS DateTime), NULL)
INSERT [dbo].[M_Religion] ([ReligionID], [ReligionName], [ArReligionName], [DisplayOrder], [DeleteFlag], [CreatedBy], [UpdatedBy], [CreatedDateTime], [UpdatedDateTime]) VALUES (6, N'Other Religion', N'ديانات اخرى', N'2', 0, N'7', NULL, CAST(N'2019-12-25T08:16:31.790' AS DateTime), NULL)
SET IDENTITY_INSERT [dbo].[M_Religion] OFF
SET IDENTITY_INSERT [dbo].[M_Section] ON 

INSERT [dbo].[M_Section] ([SectionID], [SectionName], [DeleteFlag], [CreatedBy], [UpdatedBy], [CreatedDateTime], [UpdatedDateTime], [ArSectionName]) VALUES (1, N'Personal Support', 0, NULL, NULL, NULL, NULL, N'دعم الأفراد')
INSERT [dbo].[M_Section] ([SectionID], [SectionName], [DeleteFlag], [CreatedBy], [UpdatedBy], [CreatedDateTime], [UpdatedDateTime], [ArSectionName]) VALUES (2, N'Protocol & Guest House', 0, NULL, NULL, NULL, NULL, N'المراسم وبيت الاستضافة')
INSERT [dbo].[M_Section] ([SectionID], [SectionName], [DeleteFlag], [CreatedBy], [UpdatedBy], [CreatedDateTime], [UpdatedDateTime], [ArSectionName]) VALUES (3, N'Social Care Serives', 0, NULL, NULL, NULL, NULL, N'الخدمات المساندة')
INSERT [dbo].[M_Section] ([SectionID], [SectionName], [DeleteFlag], [CreatedBy], [UpdatedBy], [CreatedDateTime], [UpdatedDateTime], [ArSectionName]) VALUES (4, N'Family Support', 0, NULL, NULL, NULL, NULL, N'الدعم الأسري')
INSERT [dbo].[M_Section] ([SectionID], [SectionName], [DeleteFlag], [CreatedBy], [UpdatedBy], [CreatedDateTime], [UpdatedDateTime], [ArSectionName]) VALUES (5, N'Financial & Administrative Affairs', 0, NULL, NULL, NULL, NULL, N'الشؤون المالية والإدارية')
INSERT [dbo].[M_Section] ([SectionID], [SectionName], [DeleteFlag], [CreatedBy], [UpdatedBy], [CreatedDateTime], [UpdatedDateTime], [ArSectionName]) VALUES (6, N'General Services', 0, NULL, NULL, NULL, NULL, N'خدمات عامة')
SET IDENTITY_INSERT [dbo].[M_Section] OFF
SET IDENTITY_INSERT [dbo].[M_Specialization] ON 

INSERT [dbo].[M_Specialization] ([SpecializationID], [SpecializationName], [ArSpecializationName], [DisplayOrder], [DeleteFlag], [CreatedBy], [UpdatedBy], [CreatedDateTime], [UpdatedDateTime]) VALUES (1, N'Specialization1', N'تخصص1', N'1', 0, NULL, NULL, NULL, NULL)
INSERT [dbo].[M_Specialization] ([SpecializationID], [SpecializationName], [ArSpecializationName], [DisplayOrder], [DeleteFlag], [CreatedBy], [UpdatedBy], [CreatedDateTime], [UpdatedDateTime]) VALUES (2, N'Specialization2', N'تخصص2', N'2', 0, NULL, NULL, NULL, NULL)
INSERT [dbo].[M_Specialization] ([SpecializationID], [SpecializationName], [ArSpecializationName], [DisplayOrder], [DeleteFlag], [CreatedBy], [UpdatedBy], [CreatedDateTime], [UpdatedDateTime]) VALUES (3, N'UA', N'CA', N'3', 1, N'7', N'7', CAST(N'2019-10-23T04:10:02.250' AS DateTime), CAST(N'2019-10-23T04:10:45.823' AS DateTime))
SET IDENTITY_INSERT [dbo].[M_Specialization] OFF
SET IDENTITY_INSERT [dbo].[M_Title] ON 

INSERT [dbo].[M_Title] ([TitleID], [Title], [ArTitle], [DisplayOrder], [DeleteFlag], [CreatedBy], [UpdatedBy], [CreatedDateTime], [UpdatedDateTime]) VALUES (1, N'HE.', N'سعادة', N'1', 0, NULL, NULL, NULL, NULL)
INSERT [dbo].[M_Title] ([TitleID], [Title], [ArTitle], [DisplayOrder], [DeleteFlag], [CreatedBy], [UpdatedBy], [CreatedDateTime], [UpdatedDateTime]) VALUES (2, N'Mr.', N'السيد', N'2', 0, NULL, NULL, NULL, NULL)
INSERT [dbo].[M_Title] ([TitleID], [Title], [ArTitle], [DisplayOrder], [DeleteFlag], [CreatedBy], [UpdatedBy], [CreatedDateTime], [UpdatedDateTime]) VALUES (3, N'Ms.', N'السيدة', N'3', 0, NULL, NULL, NULL, NULL)
INSERT [dbo].[M_Title] ([TitleID], [Title], [ArTitle], [DisplayOrder], [DeleteFlag], [CreatedBy], [UpdatedBy], [CreatedDateTime], [UpdatedDateTime]) VALUES (4, N'Dr.', N'الدكتور', N'4', 0, NULL, NULL, NULL, NULL)
SET IDENTITY_INSERT [dbo].[M_Title] OFF
SET IDENTITY_INSERT [dbo].[M_TripDestination] ON 

INSERT [dbo].[M_TripDestination] ([TripDestinationID], [TripDestinationENValue], [TripDestinationARValue], [DeleteFlag]) VALUES (1, N'Dewan Office in Abu Dhabi', N'مكتب الديوان في ابوظبي', 0)
INSERT [dbo].[M_TripDestination] ([TripDestinationID], [TripDestinationENValue], [TripDestinationARValue], [DeleteFlag]) VALUES (2, N'Crown Prince Court', N'ديوان ولي العهد', 0)
INSERT [dbo].[M_TripDestination] ([TripDestinationID], [TripDestinationENValue], [TripDestinationARValue], [DeleteFlag]) VALUES (3, N'Palm Palace', N'قصر النخيل', 0)
INSERT [dbo].[M_TripDestination] ([TripDestinationID], [TripDestinationENValue], [TripDestinationARValue], [DeleteFlag]) VALUES (4, N'Others', N'أخرى', 0)
INSERT [dbo].[M_TripDestination] ([TripDestinationID], [TripDestinationENValue], [TripDestinationARValue], [DeleteFlag]) VALUES (5, N'Department of Finance', N'دائرة المالية ', 0)
INSERT [dbo].[M_TripDestination] ([TripDestinationID], [TripDestinationENValue], [TripDestinationARValue], [DeleteFlag]) VALUES (6, N'Human Resources Authority', N'هيئة الموارد البشرية ', 0)
INSERT [dbo].[M_TripDestination] ([TripDestinationID], [TripDestinationENValue], [TripDestinationARValue], [DeleteFlag]) VALUES (7, N'Department of Transport', N'دائرة النقل ', 0)
INSERT [dbo].[M_TripDestination] ([TripDestinationID], [TripDestinationENValue], [TripDestinationARValue], [DeleteFlag]) VALUES (8, N'Pension Fund', N'صندوق المعاشات ', 0)
INSERT [dbo].[M_TripDestination] ([TripDestinationID], [TripDestinationENValue], [TripDestinationARValue], [DeleteFlag]) VALUES (9, N'Al Kunaibi Company', N'شركة الكنيبي ', 0)
SET IDENTITY_INSERT [dbo].[M_TripDestination] OFF
SET IDENTITY_INSERT [dbo].[M_TripReleaseLocation] ON 

INSERT [dbo].[M_TripReleaseLocation] ([ReleaseLocationID], [ReleaseLocationENValue], [ReleaseLocationARValue], [DeleteFlag]) VALUES (1, N'Trichy', NULL, 0)
INSERT [dbo].[M_TripReleaseLocation] ([ReleaseLocationID], [ReleaseLocationENValue], [ReleaseLocationARValue], [DeleteFlag]) VALUES (2, N'Chennai', NULL, 0)
INSERT [dbo].[M_TripReleaseLocation] ([ReleaseLocationID], [ReleaseLocationENValue], [ReleaseLocationARValue], [DeleteFlag]) VALUES (3, N'Madurai', NULL, 0)
INSERT [dbo].[M_TripReleaseLocation] ([ReleaseLocationID], [ReleaseLocationENValue], [ReleaseLocationARValue], [DeleteFlag]) VALUES (4, N'Salem', NULL, 0)
SET IDENTITY_INSERT [dbo].[M_TripReleaseLocation] OFF
SET IDENTITY_INSERT [dbo].[M_TripType] ON 

INSERT [dbo].[M_TripType] ([TripTypeID], [TripTypeENValue], [TripTypeARValue], [DeleteFlag]) VALUES (1, N'Field Visit', N'ArField Visit', 0)
INSERT [dbo].[M_TripType] ([TripTypeID], [TripTypeENValue], [TripTypeARValue], [DeleteFlag]) VALUES (2, N'Meeting', N'ArMeetingt', 0)
INSERT [dbo].[M_TripType] ([TripTypeID], [TripTypeENValue], [TripTypeARValue], [DeleteFlag]) VALUES (3, N'Others', N'الآخرين', 0)
INSERT [dbo].[M_TripType] ([TripTypeID], [TripTypeENValue], [TripTypeARValue], [DeleteFlag]) VALUES (4, N'Barza', N'ArBarza', 0)
SET IDENTITY_INSERT [dbo].[M_TripType] OFF
SET IDENTITY_INSERT [dbo].[M_VehicleIssues] ON 

INSERT [dbo].[M_VehicleIssues] ([IssueID], [IssueENValue], [IssueARValue], [DeleteFlag]) VALUES (1, N'Front RH Fender', N'الرف الأمامي - يمين', 0)
INSERT [dbo].[M_VehicleIssues] ([IssueID], [IssueENValue], [IssueARValue], [DeleteFlag]) VALUES (2, N'Front RH Wheel Rim', N'إطار أمامي-  يمين', 0)
INSERT [dbo].[M_VehicleIssues] ([IssueID], [IssueENValue], [IssueARValue], [DeleteFlag]) VALUES (3, N'Front RH Door Panel', N'باب أمامي - يمين', 0)
INSERT [dbo].[M_VehicleIssues] ([IssueID], [IssueENValue], [IssueARValue], [DeleteFlag]) VALUES (4, N'Rear RH Door Panel ', N'باب خلفي - يمين', 0)
INSERT [dbo].[M_VehicleIssues] ([IssueID], [IssueENValue], [IssueARValue], [DeleteFlag]) VALUES (5, N'Rear RH Finder', N'الرف الخلفي - يمين', 0)
INSERT [dbo].[M_VehicleIssues] ([IssueID], [IssueENValue], [IssueARValue], [DeleteFlag]) VALUES (6, N'Rear RH Wheel Rim', N'إطار خلفي -  يمين', 0)
INSERT [dbo].[M_VehicleIssues] ([IssueID], [IssueENValue], [IssueARValue], [DeleteFlag]) VALUES (7, N'Front LH Fender', N'الرف الأمامي - يسار', 0)
INSERT [dbo].[M_VehicleIssues] ([IssueID], [IssueENValue], [IssueARValue], [DeleteFlag]) VALUES (8, N'Front LH Wheel Rim', N'إطار أمامي-  يسار', 0)
INSERT [dbo].[M_VehicleIssues] ([IssueID], [IssueENValue], [IssueARValue], [DeleteFlag]) VALUES (9, N'Front LH Door Panel', N'باب أمامي - يسار', 0)
INSERT [dbo].[M_VehicleIssues] ([IssueID], [IssueENValue], [IssueARValue], [DeleteFlag]) VALUES (10, N'Rear LH Door Panel ', N'باب خلفي - يسار', 0)
INSERT [dbo].[M_VehicleIssues] ([IssueID], [IssueENValue], [IssueARValue], [DeleteFlag]) VALUES (11, N'Rear LH Fender', N'الرف الخلفي - يسار', 0)
INSERT [dbo].[M_VehicleIssues] ([IssueID], [IssueENValue], [IssueARValue], [DeleteFlag]) VALUES (12, N'Rear LH Wheel Rim', N'إطار خلفي -  يسار', 0)
INSERT [dbo].[M_VehicleIssues] ([IssueID], [IssueENValue], [IssueARValue], [DeleteFlag]) VALUES (13, N'Hood Assembly ( Bonnet )  ', N'غطاء المحرك', 0)
INSERT [dbo].[M_VehicleIssues] ([IssueID], [IssueENValue], [IssueARValue], [DeleteFlag]) VALUES (14, N'Front Wind Shield glass ', N'زجاج أمامي', 0)
INSERT [dbo].[M_VehicleIssues] ([IssueID], [IssueENValue], [IssueARValue], [DeleteFlag]) VALUES (15, N'Roof Panel ', N'سقف المركبة', 0)
INSERT [dbo].[M_VehicleIssues] ([IssueID], [IssueENValue], [IssueARValue], [DeleteFlag]) VALUES (16, N'Rear Glass', N'زجاج خلفي', 0)
INSERT [dbo].[M_VehicleIssues] ([IssueID], [IssueENValue], [IssueARValue], [DeleteFlag]) VALUES (17, N'Trunk Assembly ', N'باب خلفي', 0)
INSERT [dbo].[M_VehicleIssues] ([IssueID], [IssueENValue], [IssueARValue], [DeleteFlag]) VALUES (18, N'Grill', N'شبك التهوية', 0)
INSERT [dbo].[M_VehicleIssues] ([IssueID], [IssueENValue], [IssueARValue], [DeleteFlag]) VALUES (19, N'Front Bumper ', N'المصد الأمامي', 0)
INSERT [dbo].[M_VehicleIssues] ([IssueID], [IssueENValue], [IssueARValue], [DeleteFlag]) VALUES (20, N'LH Head Lamp Assembly ', N'الأنوار الأمامية - يسار', 0)
INSERT [dbo].[M_VehicleIssues] ([IssueID], [IssueENValue], [IssueARValue], [DeleteFlag]) VALUES (21, N'RH Head Lamp Assembly', N'الأنوار الأمامية – يمين', 0)
INSERT [dbo].[M_VehicleIssues] ([IssueID], [IssueENValue], [IssueARValue], [DeleteFlag]) VALUES (22, N'LH Rear View Mirror', N'مرآة – يسار', 0)
INSERT [dbo].[M_VehicleIssues] ([IssueID], [IssueENValue], [IssueARValue], [DeleteFlag]) VALUES (23, N'RH Rear View Mirror', N'مرآة - يمين', 0)
INSERT [dbo].[M_VehicleIssues] ([IssueID], [IssueENValue], [IssueARValue], [DeleteFlag]) VALUES (24, N'RH Tail Light ', N'الأنوار الخلفية – يمين', 0)
INSERT [dbo].[M_VehicleIssues] ([IssueID], [IssueENValue], [IssueARValue], [DeleteFlag]) VALUES (25, N'LH Tail Light ', N'الأنوار الخلفية – يسار', 0)
INSERT [dbo].[M_VehicleIssues] ([IssueID], [IssueENValue], [IssueARValue], [DeleteFlag]) VALUES (26, N'Rear Bumper ', N'المصد الخلفي', 0)
INSERT [dbo].[M_VehicleIssues] ([IssueID], [IssueENValue], [IssueARValue], [DeleteFlag]) VALUES (27, N'Exhaust Pipe', N'ماسورة العادم', 0)
INSERT [dbo].[M_VehicleIssues] ([IssueID], [IssueENValue], [IssueARValue], [DeleteFlag]) VALUES (28, N'Spare Tire', N'الإطار الإحتياطي', 0)
SET IDENTITY_INSERT [dbo].[M_VehicleIssues] OFF
SET IDENTITY_INSERT [dbo].[M_VehicleModel] ON 

INSERT [dbo].[M_VehicleModel] ([VehicleModelID], [VehicleModelENValue], [VehicleModelARValue], [DeleteFlag]) VALUES (1, N'Model1', N'ArMidel1', 0)
INSERT [dbo].[M_VehicleModel] ([VehicleModelID], [VehicleModelENValue], [VehicleModelARValue], [DeleteFlag]) VALUES (2, N'Model2', N'Model2', 0)
INSERT [dbo].[M_VehicleModel] ([VehicleModelID], [VehicleModelENValue], [VehicleModelARValue], [DeleteFlag]) VALUES (3, N'Model3', N'Model3', 0)
INSERT [dbo].[M_VehicleModel] ([VehicleModelID], [VehicleModelENValue], [VehicleModelARValue], [DeleteFlag]) VALUES (4, N'Any', N'ArAny', 0)
SET IDENTITY_INSERT [dbo].[M_VehicleModel] OFF
SET IDENTITY_INSERT [dbo].[M_VehicleRequestStatus] ON 

INSERT [dbo].[M_VehicleRequestStatus] ([StatusID], [StatusENValue], [StatusARValue], [DeleteFlag]) VALUES (1, N'Unpaid', N'غير مدفوعة', 0)
INSERT [dbo].[M_VehicleRequestStatus] ([StatusID], [StatusENValue], [StatusARValue], [DeleteFlag]) VALUES (2, N'Paid', N'مدفوعة', 0)
SET IDENTITY_INSERT [dbo].[M_VehicleRequestStatus] OFF
SET IDENTITY_INSERT [dbo].[Organization] ON 

INSERT [dbo].[Organization] ([OrganizationID], [OrganizationUnits], [ArOrganizationUnits], [GroupMailID], [DeleteFlag], [CreatedBy], [UpdatedBy], [CreatedDateTime], [UpdatedDateTime]) VALUES (1, N'Personal Escorts', N'المرافقة الشخصية', N'Personal Escorts@mail.com', 0, NULL, NULL, NULL, NULL)
INSERT [dbo].[Organization] ([OrganizationID], [OrganizationUnits], [ArOrganizationUnits], [GroupMailID], [DeleteFlag], [CreatedBy], [UpdatedBy], [CreatedDateTime], [UpdatedDateTime]) VALUES (2, N'Housing Services', N'خدمات الضيافة', N'Housing Services@mail.com', 0, NULL, NULL, NULL, NULL)
INSERT [dbo].[Organization] ([OrganizationID], [OrganizationUnits], [ArOrganizationUnits], [GroupMailID], [DeleteFlag], [CreatedBy], [UpdatedBy], [CreatedDateTime], [UpdatedDateTime]) VALUES (3, N'Public Relation and Press', N'العلاقات العامة والإعلام', N'Public Relation and Press@mail.com', 0, NULL, NULL, NULL, NULL)
INSERT [dbo].[Organization] ([OrganizationID], [OrganizationUnits], [ArOrganizationUnits], [GroupMailID], [DeleteFlag], [CreatedBy], [UpdatedBy], [CreatedDateTime], [UpdatedDateTime]) VALUES (4, N'Protocol', N'المراسم', N'Protocol@mail.com', 0, NULL, NULL, NULL, NULL)
INSERT [dbo].[Organization] ([OrganizationID], [OrganizationUnits], [ArOrganizationUnits], [GroupMailID], [DeleteFlag], [CreatedBy], [UpdatedBy], [CreatedDateTime], [UpdatedDateTime]) VALUES (5, N'Social Support', N'الدعم اجتماعي', N'Social Support@mail.com', 0, NULL, NULL, NULL, NULL)
INSERT [dbo].[Organization] ([OrganizationID], [OrganizationUnits], [ArOrganizationUnits], [GroupMailID], [DeleteFlag], [CreatedBy], [UpdatedBy], [CreatedDateTime], [UpdatedDateTime]) VALUES (6, N'Support People with Special Needs', N'دعم ذوي الاحتياجات الخاصة', N'Support People with Special Needs@mail.com', 0, NULL, NULL, NULL, NULL)
INSERT [dbo].[Organization] ([OrganizationID], [OrganizationUnits], [ArOrganizationUnits], [GroupMailID], [DeleteFlag], [CreatedBy], [UpdatedBy], [CreatedDateTime], [UpdatedDateTime]) VALUES (7, N'Youth Welfare', N'رعاية الشباب', N'Youth Welfare@mail.com', 0, NULL, NULL, NULL, NULL)
INSERT [dbo].[Organization] ([OrganizationID], [OrganizationUnits], [ArOrganizationUnits], [GroupMailID], [DeleteFlag], [CreatedBy], [UpdatedBy], [CreatedDateTime], [UpdatedDateTime]) VALUES (8, N'Women and Children', N'النساء والأطفال', N'Women and Children@mail.com', 0, NULL, NULL, NULL, NULL)
INSERT [dbo].[Organization] ([OrganizationID], [OrganizationUnits], [ArOrganizationUnits], [GroupMailID], [DeleteFlag], [CreatedBy], [UpdatedBy], [CreatedDateTime], [UpdatedDateTime]) VALUES (9, N'Human Resources', N'الموارد البشرية', N'Human Resources@mail.com', 0, NULL, NULL, NULL, NULL)
INSERT [dbo].[Organization] ([OrganizationID], [OrganizationUnits], [ArOrganizationUnits], [GroupMailID], [DeleteFlag], [CreatedBy], [UpdatedBy], [CreatedDateTime], [UpdatedDateTime]) VALUES (10, N'Financial Affairs', N'الشؤون الوظيفية', N'Financial Affairs@mail.com', 0, NULL, NULL, NULL, NULL)
INSERT [dbo].[Organization] ([OrganizationID], [OrganizationUnits], [ArOrganizationUnits], [GroupMailID], [DeleteFlag], [CreatedBy], [UpdatedBy], [CreatedDateTime], [UpdatedDateTime]) VALUES (11, N'Information Technology', N'تكنولوجيا المعلومات', N'Information Technology@mail.com', 0, NULL, NULL, NULL, NULL)
INSERT [dbo].[Organization] ([OrganizationID], [OrganizationUnits], [ArOrganizationUnits], [GroupMailID], [DeleteFlag], [CreatedBy], [UpdatedBy], [CreatedDateTime], [UpdatedDateTime]) VALUES (12, N'Maintenance', N'الصيانة', N'Maintenance@mail.com', 0, NULL, NULL, NULL, NULL)
INSERT [dbo].[Organization] ([OrganizationID], [OrganizationUnits], [ArOrganizationUnits], [GroupMailID], [DeleteFlag], [CreatedBy], [UpdatedBy], [CreatedDateTime], [UpdatedDateTime]) VALUES (13, N'Services', N'خدمات', N'Services@mail.com', 0, NULL, NULL, NULL, NULL)
INSERT [dbo].[Organization] ([OrganizationID], [OrganizationUnits], [ArOrganizationUnits], [GroupMailID], [DeleteFlag], [CreatedBy], [UpdatedBy], [CreatedDateTime], [UpdatedDateTime]) VALUES (14, N'Archiving Team', N'فريق الأرشفة', N'Archiving Team@mail.com', 0, NULL, NULL, NULL, NULL)
INSERT [dbo].[Organization] ([OrganizationID], [OrganizationUnits], [ArOrganizationUnits], [GroupMailID], [DeleteFlag], [CreatedBy], [UpdatedBy], [CreatedDateTime], [UpdatedDateTime]) VALUES (15, N'Citizen Affair', N'شؤون المواطن', N'Citizen Affair@mail.com', 0, NULL, NULL, NULL, NULL)
INSERT [dbo].[Organization] ([OrganizationID], [OrganizationUnits], [ArOrganizationUnits], [GroupMailID], [DeleteFlag], [CreatedBy], [UpdatedBy], [CreatedDateTime], [UpdatedDateTime]) VALUES (16, N'Legal Services', N'الدعم القانوني', N'Legal Services@mail.com', 0, NULL, NULL, NULL, NULL)
INSERT [dbo].[Organization] ([OrganizationID], [OrganizationUnits], [ArOrganizationUnits], [GroupMailID], [DeleteFlag], [CreatedBy], [UpdatedBy], [CreatedDateTime], [UpdatedDateTime]) VALUES (17, N'Media', N'الإعلام', N'Media@mail.com', 0, NULL, NULL, NULL, NULL)
SET IDENTITY_INSERT [dbo].[Organization] OFF
