SET IDENTITY_INSERT [dbo].[TransactionCode] ON 
GO
INSERT [dbo].[TransactionCode] ([ID], [Code], [GLEntry], [Text], [Currency], [CreatedOn], [ModifiedOn], [IsDeleted], [IsBillable]) VALUES (13, N'APPFN', N'', N'Application Fee Normal', N'SGD', CAST(N'2020-10-20T08:37:26.0000000' AS DateTime2), CAST(N'2020-10-20T08:37:26.0000000' AS DateTime2), 0, 0)
GO
INSERT [dbo].[TransactionCode] ([ID], [Code], [GLEntry], [Text], [Currency], [CreatedOn], [ModifiedOn], [IsDeleted], [IsBillable]) VALUES (14, N'APPFX', N'', N'Application Fee Express', N'SGD', CAST(N'2020-10-20T08:39:59.0000000' AS DateTime2), CAST(N'2020-10-20T08:39:59.0000000' AS DateTime2), 0, 0)
GO
INSERT [dbo].[TransactionCode] ([ID], [Code], [GLEntry], [Text], [Currency], [CreatedOn], [ModifiedOn], [IsDeleted], [IsBillable]) VALUES (15, N'PACF', N'', N'Poultry Abatoir - Certificate Fee', N'SGD', CAST(N'2020-10-20T15:45:11.0000000' AS DateTime2), CAST(N'2020-10-20T15:45:11.0000000' AS DateTime2), 0, 0)
GO
INSERT [dbo].[TransactionCode] ([ID], [Code], [GLEntry], [Text], [Currency], [CreatedOn], [ModifiedOn], [IsDeleted], [IsBillable]) VALUES (16, N'PALF', N'', N'Poultry Label Fee', N'SGD', CAST(N'2020-10-20T15:45:11.0000000' AS DateTime2), CAST(N'2020-10-20T15:45:11.0000000' AS DateTime2), 0, 0)
GO
INSERT [dbo].[TransactionCode] ([ID], [Code], [GLEntry], [Text], [Currency], [CreatedOn], [ModifiedOn], [IsDeleted], [IsBillable]) VALUES (17, N'SFCF', N'', N'Storage Facility - Certificate Fee', N'SGD', CAST(N'2020-10-20T15:45:11.0000000' AS DateTime2), CAST(N'2020-10-20T15:45:11.0000000' AS DateTime2), 0, 0)
GO
INSERT [dbo].[TransactionCode] ([ID], [Code], [GLEntry], [Text], [Currency], [CreatedOn], [ModifiedOn], [IsDeleted], [IsBillable]) VALUES (18, N'ENCF', N'', N'Endorsement - Certificate Fee', N'SGD', CAST(N'2020-10-20T15:45:11.0000000' AS DateTime2), CAST(N'2020-10-20T15:45:11.0000000' AS DateTime2), 0, 0)
GO
INSERT [dbo].[TransactionCode] ([ID], [Code], [GLEntry], [Text], [Currency], [CreatedOn], [ModifiedOn], [IsDeleted], [IsBillable]) VALUES (19, N'ENHCM', N'', N'Endorsement - Halal Certificate mark', N'SGD', CAST(N'2020-10-20T15:45:11.0000000' AS DateTime2), CAST(N'2020-10-20T15:45:11.0000000' AS DateTime2), 0, 0)
GO
INSERT [dbo].[TransactionCode] ([ID], [Code], [GLEntry], [Text], [Currency], [CreatedOn], [ModifiedOn], [IsDeleted], [IsBillable]) VALUES (20, N'FPACKSCF', N'', N'Food Preparation Area - Small Central Kitchen - Certificate Fee', N'SGD', CAST(N'2020-10-20T15:45:11.0000000' AS DateTime2), CAST(N'2020-10-20T15:45:11.0000000' AS DateTime2), 0, 0)
GO
INSERT [dbo].[TransactionCode] ([ID], [Code], [GLEntry], [Text], [Currency], [CreatedOn], [ModifiedOn], [IsDeleted], [IsBillable]) VALUES (21, N'FPACKLCF', N'', N'Food Preparation Area - Large Central Kitchen - Certificate Fee', N'SGD', CAST(N'2020-10-20T15:45:11.0000000' AS DateTime2), CAST(N'2020-10-20T15:45:11.0000000' AS DateTime2), 0, 0)
GO
INSERT [dbo].[TransactionCode] ([ID], [Code], [GLEntry], [Text], [Currency], [CreatedOn], [ModifiedOn], [IsDeleted], [IsBillable]) VALUES (22, N'FPAPSKCF', N'', N'Food Preparation Area - Pre-school Kitchen - Certificate Fee', N'SGD', CAST(N'2020-10-20T15:45:11.0000000' AS DateTime2), CAST(N'2020-10-20T15:45:11.0000000' AS DateTime2), 0, 0)
GO
INSERT [dbo].[TransactionCode] ([ID], [Code], [GLEntry], [Text], [Currency], [CreatedOn], [ModifiedOn], [IsDeleted], [IsBillable]) VALUES (23, N'FPACACF', N'', N'Food Preparation Area - Catering - Certificate Fee', N'SGD', CAST(N'2020-10-20T15:45:11.0000000' AS DateTime2), CAST(N'2020-10-20T15:45:11.0000000' AS DateTime2), 0, 0)
GO
INSERT [dbo].[TransactionCode] ([ID], [Code], [GLEntry], [Text], [Currency], [CreatedOn], [ModifiedOn], [IsDeleted], [IsBillable]) VALUES (24, N'EEH1CF', N'', N'Eating Establishment - Hawker - Area not exceeding 13 sqm.', N'SGD', CAST(N'2020-10-20T15:45:11.0000000' AS DateTime2), CAST(N'2020-10-20T15:45:11.0000000' AS DateTime2), 0, 0)
GO
INSERT [dbo].[TransactionCode] ([ID], [Code], [GLEntry], [Text], [Currency], [CreatedOn], [ModifiedOn], [IsDeleted], [IsBillable]) VALUES (25, N'EEH2CF', N'', N'Eating Establishment - Hawker - Area exceeding 13 sqm.', N'SGD', CAST(N'2020-10-20T15:45:11.0000000' AS DateTime2), CAST(N'2020-10-20T15:45:11.0000000' AS DateTime2), 0, 0)
GO
INSERT [dbo].[TransactionCode] ([ID], [Code], [GLEntry], [Text], [Currency], [CreatedOn], [ModifiedOn], [IsDeleted], [IsBillable]) VALUES (26, N'EER1CF', N'', N'Eating Establishment - Restaurant - Area not exceeding 186 sqm.', N'SGD', CAST(N'2020-10-20T15:45:11.0000000' AS DateTime2), CAST(N'2020-10-20T15:45:11.0000000' AS DateTime2), 0, 0)
GO
INSERT [dbo].[TransactionCode] ([ID], [Code], [GLEntry], [Text], [Currency], [CreatedOn], [ModifiedOn], [IsDeleted], [IsBillable]) VALUES (27, N'EER2CF', N'', N'Eating Establishment - Restaurant - Area exceeding 186 sqm.', N'SGD', CAST(N'2020-10-20T15:45:11.0000000' AS DateTime2), CAST(N'2020-10-20T15:45:11.0000000' AS DateTime2), 0, 0)
GO
INSERT [dbo].[TransactionCode] ([ID], [Code], [GLEntry], [Text], [Currency], [CreatedOn], [ModifiedOn], [IsDeleted], [IsBillable]) VALUES (28, N'EESBBCF', N'', N'Eating Establishment - Snack-bar/Bakery - Certificate Fee', N'SGD', CAST(N'2020-10-20T15:45:11.0000000' AS DateTime2), CAST(N'2020-10-20T15:45:11.0000000' AS DateTime2), 0, 0)
GO
INSERT [dbo].[TransactionCode] ([ID], [Code], [GLEntry], [Text], [Currency], [CreatedOn], [ModifiedOn], [IsDeleted], [IsBillable]) VALUES (29, N'EEHSCF', N'', N'Eating Establishment - Halal Section - Certificate Fee', N'SGD', CAST(N'2020-10-20T15:45:11.0000000' AS DateTime2), CAST(N'2020-10-20T15:45:11.0000000' AS DateTime2), 0, 0)
GO
INSERT [dbo].[TransactionCode] ([ID], [Code], [GLEntry], [Text], [Currency], [CreatedOn], [ModifiedOn], [IsDeleted], [IsBillable]) VALUES (30, N'EESCCF', N'', N'Eating Establishment - School Canteen Stall - Certificate Fee', N'SGD', CAST(N'2020-10-20T15:45:11.0000000' AS DateTime2), CAST(N'2020-10-20T15:45:11.0000000' AS DateTime2), 0, 0)
GO
INSERT [dbo].[TransactionCode] ([ID], [Code], [GLEntry], [Text], [Currency], [CreatedOn], [ModifiedOn], [IsDeleted], [IsBillable]) VALUES (31, N'EESTCF', N'', N'Eating Establishment - Short Term Stall - Certificate Fee', N'SGD', CAST(N'2020-10-20T15:45:11.0000000' AS DateTime2), CAST(N'2020-10-20T15:45:11.0000000' AS DateTime2), 0, 0)
GO
INSERT [dbo].[TransactionCode] ([ID], [Code], [GLEntry], [Text], [Currency], [CreatedOn], [ModifiedOn], [IsDeleted], [IsBillable]) VALUES (32, N'EEFKCF', N'', N'Eating Establishment - Food Kiosk - Certificate Fee', N'SGD', CAST(N'2020-10-20T15:45:11.0000000' AS DateTime2), CAST(N'2020-10-20T15:45:11.0000000' AS DateTime2), 0, 0)
GO
INSERT [dbo].[TransactionCode] ([ID], [Code], [GLEntry], [Text], [Currency], [CreatedOn], [ModifiedOn], [IsDeleted], [IsBillable]) VALUES (33, N'EEFSCF', N'', N'Eating Establishment - Food Station - Certificate Fee', N'SGD', CAST(N'2020-10-20T15:45:11.0000000' AS DateTime2), CAST(N'2020-10-20T15:45:11.0000000' AS DateTime2), 0, 0)
GO
INSERT [dbo].[TransactionCode] ([ID], [Code], [GLEntry], [Text], [Currency], [CreatedOn], [ModifiedOn], [IsDeleted], [IsBillable]) VALUES (34, N'EESTCCF', N'', N'Eating Establishment - Staff Canteen - Certificate Fee', N'SGD', CAST(N'2020-10-20T15:45:11.0000000' AS DateTime2), CAST(N'2020-10-20T15:45:11.0000000' AS DateTime2), 0, 0)
GO
INSERT [dbo].[TransactionCode] ([ID], [Code], [GLEntry], [Text], [Currency], [CreatedOn], [ModifiedOn], [IsDeleted], [IsBillable]) VALUES (35, N'PR1CF', N'', N'Product - Area not exceeding 200 sqm.', N'SGD', CAST(N'2020-10-20T15:45:11.0000000' AS DateTime2), CAST(N'2020-10-20T15:45:11.0000000' AS DateTime2), 0, 0)
GO
INSERT [dbo].[TransactionCode] ([ID], [Code], [GLEntry], [Text], [Currency], [CreatedOn], [ModifiedOn], [IsDeleted], [IsBillable]) VALUES (36, N'PR2CF', N'', N'Product - Area exceeding 200 sqm but not exceeding 750 sqm', N'SGD', CAST(N'2020-10-20T15:45:11.0000000' AS DateTime2), CAST(N'2020-10-20T15:45:11.0000000' AS DateTime2), 0, 0)
GO
INSERT [dbo].[TransactionCode] ([ID], [Code], [GLEntry], [Text], [Currency], [CreatedOn], [ModifiedOn], [IsDeleted], [IsBillable]) VALUES (37, N'PR3CF', N'', N'Product - Area exceeding 750 sqm but not exceeding 2000 sqm', N'SGD', CAST(N'2020-10-20T15:45:11.0000000' AS DateTime2), CAST(N'2020-10-20T15:45:11.0000000' AS DateTime2), 0, 0)
GO
INSERT [dbo].[TransactionCode] ([ID], [Code], [GLEntry], [Text], [Currency], [CreatedOn], [ModifiedOn], [IsDeleted], [IsBillable]) VALUES (38, N'PR4CF', N'', N'Product - Area exceeding 2000 sqm', N'SGD', CAST(N'2020-10-20T15:45:11.0000000' AS DateTime2), CAST(N'2020-10-20T15:45:11.0000000' AS DateTime2), 0, 0)
GO
INSERT [dbo].[TransactionCode] ([ID], [Code], [GLEntry], [Text], [Currency], [CreatedOn], [ModifiedOn], [IsDeleted], [IsBillable]) VALUES (39, N'PRHCM', N'', N'Product - Halal Certificate Mark', N'SGD', CAST(N'2020-10-20T15:45:11.0000000' AS DateTime2), CAST(N'2020-10-20T15:45:11.0000000' AS DateTime2), 0, 0)
GO
INSERT [dbo].[TransactionCode] ([ID], [Code], [GLEntry], [Text], [Currency], [CreatedOn], [ModifiedOn], [IsDeleted], [IsBillable]) VALUES (40, N'WP1CF', N'', N'Whole Plant - Area not exceeding 200 sqm.', N'SGD', CAST(N'2020-10-20T15:45:11.0000000' AS DateTime2), CAST(N'2020-10-20T15:45:11.0000000' AS DateTime2), 0, 0)
GO
INSERT [dbo].[TransactionCode] ([ID], [Code], [GLEntry], [Text], [Currency], [CreatedOn], [ModifiedOn], [IsDeleted], [IsBillable]) VALUES (41, N'WP2CF', N'', N'Whole Plant - Area exceeding 200 sqm. but not exceeding 750 sqm.', N'SGD', CAST(N'2020-10-20T15:45:11.0000000' AS DateTime2), CAST(N'2020-10-20T15:45:11.0000000' AS DateTime2), 0, 0)
GO
INSERT [dbo].[TransactionCode] ([ID], [Code], [GLEntry], [Text], [Currency], [CreatedOn], [ModifiedOn], [IsDeleted], [IsBillable]) VALUES (42, N'WP3CF', N'', N'Whole Plant - Area exceeding 750 sqm. but not exceeding 2000 sqm.', N'SGD', CAST(N'2020-10-20T15:45:11.0000000' AS DateTime2), CAST(N'2020-10-20T15:45:11.0000000' AS DateTime2), 0, 0)
GO
INSERT [dbo].[TransactionCode] ([ID], [Code], [GLEntry], [Text], [Currency], [CreatedOn], [ModifiedOn], [IsDeleted], [IsBillable]) VALUES (43, N'WP3CF', N'', N'Whole Plant - Area exceeding 2000 sqm', N'SGD', CAST(N'2020-10-20T15:45:11.0000000' AS DateTime2), CAST(N'2020-10-20T15:45:11.0000000' AS DateTime2), 0, 0)
GO
INSERT [dbo].[TransactionCode] ([ID], [Code], [GLEntry], [Text], [Currency], [CreatedOn], [ModifiedOn], [IsDeleted], [IsBillable]) VALUES (44, N'WPHCM', N'', N'Whole Plant - Halal Certificate Mark', N'SGD', CAST(N'2020-10-20T15:45:11.0000000' AS DateTime2), CAST(N'2020-10-20T15:45:11.0000000' AS DateTime2), 0, 0)
GO
INSERT [dbo].[TransactionCode] ([ID], [Code], [GLEntry], [Text], [Currency], [CreatedOn], [ModifiedOn], [IsDeleted], [IsBillable]) VALUES (45, N'CTCFEE', N'', N'Certified True Copy Fee', N'SGD', CAST(N'2020-10-20T15:45:11.0000000' AS DateTime2), CAST(N'2020-10-20T15:45:11.0000000' AS DateTime2), 0, 0)
GO
INSERT [dbo].[TransactionCode] ([ID], [Code], [GLEntry], [Text], [Currency], [CreatedOn], [ModifiedOn], [IsDeleted], [IsBillable]) VALUES (46, N'PCASH', N'', N'Payment - Cash', N'SGD', CAST(N'2020-10-20T15:45:11.0000000' AS DateTime2), CAST(N'2020-10-20T15:45:11.0000000' AS DateTime2), 0, 1)
GO
INSERT [dbo].[TransactionCode] ([ID], [Code], [GLEntry], [Text], [Currency], [CreatedOn], [ModifiedOn], [IsDeleted], [IsBillable]) VALUES (47, N'PBTRX', N'', N'Payment - Bank Transfer', N'SGD', CAST(N'2020-10-20T15:45:11.0000000' AS DateTime2), CAST(N'2020-10-20T15:45:11.0000000' AS DateTime2), 0, 1)
GO
INSERT [dbo].[TransactionCode] ([ID], [Code], [GLEntry], [Text], [Currency], [CreatedOn], [ModifiedOn], [IsDeleted], [IsBillable]) VALUES (48, N'PDDA', N'', N'Payment - Demand Deposit Account', N'SGD', CAST(N'2020-10-20T15:45:11.0000000' AS DateTime2), CAST(N'2020-10-20T15:45:11.0000000' AS DateTime2), 0, 1)
GO
INSERT [dbo].[TransactionCode] ([ID], [Code], [GLEntry], [Text], [Currency], [CreatedOn], [ModifiedOn], [IsDeleted], [IsBillable]) VALUES (49, N'PBTREE', N'', N'Payment - Brain Tree', N'SGD', CAST(N'2020-10-20T15:45:11.0000000' AS DateTime2), CAST(N'2020-10-20T15:45:11.0000000' AS DateTime2), 0, 1)
GO
INSERT [dbo].[TransactionCode] ([ID], [Code], [GLEntry], [Text], [Currency], [CreatedOn], [ModifiedOn], [IsDeleted], [IsBillable]) VALUES (50, N'PPAL', N'', N'Payment - PayPal', N'SGD', CAST(N'2020-10-20T15:45:11.0000000' AS DateTime2), CAST(N'2020-10-20T15:45:11.0000000' AS DateTime2), 0, 1)
GO
INSERT [dbo].[TransactionCode] ([ID], [Code], [GLEntry], [Text], [Currency], [CreatedOn], [ModifiedOn], [IsDeleted], [IsBillable]) VALUES (51, N'PGIRO', N'', N'Payment - GIRO', N'SGD', CAST(N'2020-10-20T15:45:11.0000000' AS DateTime2), CAST(N'2020-10-20T15:45:11.0000000' AS DateTime2), 0, 1)
GO
INSERT [dbo].[TransactionCode] ([ID], [Code], [GLEntry], [Text], [Currency], [CreatedOn], [ModifiedOn], [IsDeleted], [IsBillable]) VALUES (52, N'RFUND', N'', N'Refund', N'SGD', CAST(N'2020-10-20T15:45:11.0000000' AS DateTime2), CAST(N'2020-10-20T15:45:11.0000000' AS DateTime2), 0, 1)
GO
INSERT [dbo].[TransactionCode] ([ID], [Code], [GLEntry], [Text], [Currency], [CreatedOn], [ModifiedOn], [IsDeleted], [IsBillable]) VALUES (53, N'COMSUM', N'', N'Composition Sum', N'SGD', CAST(N'2020-10-20T15:45:11.0000000' AS DateTime2), CAST(N'2020-10-20T15:45:11.0000000' AS DateTime2), 0, 1)
GO
SET IDENTITY_INSERT [dbo].[TransactionCode] OFF
GO

SET IDENTITY_INSERT [dbo].[Price] ON 
GO
INSERT [dbo].[Price] ([ID], [Amount], [EffectiveFrom], [TransactionCodeID], [CreatedOn], [ModifiedOn], [IsDeleted]) VALUES (35, CAST(159.00 AS Decimal(12, 2)), CAST(N'2015-02-01T00:00:00.0000000' AS DateTime2), 13, CAST(N'2020-10-20T08:39:31.0000000' AS DateTime2), CAST(N'2020-10-20T08:39:31.0000000' AS DateTime2), 0)
GO
INSERT [dbo].[Price] ([ID], [Amount], [EffectiveFrom], [TransactionCodeID], [CreatedOn], [ModifiedOn], [IsDeleted]) VALUES (36, CAST(340.00 AS Decimal(12, 2)), CAST(N'2015-02-01T00:00:00.0000000' AS DateTime2), 14, CAST(N'2020-10-20T08:40:02.0000000' AS DateTime2), CAST(N'2020-10-20T08:40:02.0000000' AS DateTime2), 0)
GO
INSERT [dbo].[Price] ([ID], [Amount], [EffectiveFrom], [TransactionCodeID], [CreatedOn], [ModifiedOn], [IsDeleted]) VALUES (37, CAST(250.00 AS Decimal(12, 2)), CAST(N'2015-02-01T00:00:00.0000000' AS DateTime2), 15, CAST(N'2020-10-20T16:01:19.0000000' AS DateTime2), CAST(N'2020-10-20T16:01:19.0000000' AS DateTime2), 0)
GO
INSERT [dbo].[Price] ([ID], [Amount], [EffectiveFrom], [TransactionCodeID], [CreatedOn], [ModifiedOn], [IsDeleted]) VALUES (38, CAST(0.10 AS Decimal(12, 2)), CAST(N'2015-02-01T00:00:00.0000000' AS DateTime2), 16, CAST(N'2020-10-20T16:01:19.0000000' AS DateTime2), CAST(N'2020-10-20T16:01:19.0000000' AS DateTime2), 0)
GO
INSERT [dbo].[Price] ([ID], [Amount], [EffectiveFrom], [TransactionCodeID], [CreatedOn], [ModifiedOn], [IsDeleted]) VALUES (39, CAST(900.00 AS Decimal(12, 2)), CAST(N'2015-02-01T00:00:00.0000000' AS DateTime2), 17, CAST(N'2020-10-20T16:01:19.0000000' AS DateTime2), CAST(N'2020-10-20T16:01:19.0000000' AS DateTime2), 0)
GO
INSERT [dbo].[Price] ([ID], [Amount], [EffectiveFrom], [TransactionCodeID], [CreatedOn], [ModifiedOn], [IsDeleted]) VALUES (40, CAST(288.00 AS Decimal(12, 2)), CAST(N'2015-02-01T00:00:00.0000000' AS DateTime2), 18, CAST(N'2020-10-20T16:01:19.0000000' AS DateTime2), CAST(N'2020-10-20T16:01:19.0000000' AS DateTime2), 0)
GO
INSERT [dbo].[Price] ([ID], [Amount], [EffectiveFrom], [TransactionCodeID], [CreatedOn], [ModifiedOn], [IsDeleted]) VALUES (41, CAST(0.70 AS Decimal(12, 2)), CAST(N'2015-02-01T00:00:00.0000000' AS DateTime2), 19, CAST(N'2020-10-20T16:01:19.0000000' AS DateTime2), CAST(N'2020-10-20T16:01:19.0000000' AS DateTime2), 0)
GO
INSERT [dbo].[Price] ([ID], [Amount], [EffectiveFrom], [TransactionCodeID], [CreatedOn], [ModifiedOn], [IsDeleted]) VALUES (42, CAST(1000.00 AS Decimal(12, 2)), CAST(N'2015-02-01T00:00:00.0000000' AS DateTime2), 20, CAST(N'2020-10-20T16:01:19.0000000' AS DateTime2), CAST(N'2020-10-20T16:01:19.0000000' AS DateTime2), 0)
GO
INSERT [dbo].[Price] ([ID], [Amount], [EffectiveFrom], [TransactionCodeID], [CreatedOn], [ModifiedOn], [IsDeleted]) VALUES (43, CAST(1220.00 AS Decimal(12, 2)), CAST(N'2015-02-01T00:00:00.0000000' AS DateTime2), 21, CAST(N'2020-10-20T16:01:19.0000000' AS DateTime2), CAST(N'2020-10-20T16:01:19.0000000' AS DateTime2), 0)
GO
INSERT [dbo].[Price] ([ID], [Amount], [EffectiveFrom], [TransactionCodeID], [CreatedOn], [ModifiedOn], [IsDeleted]) VALUES (44, CAST(375.00 AS Decimal(12, 2)), CAST(N'2015-02-01T00:00:00.0000000' AS DateTime2), 22, CAST(N'2020-10-20T16:01:19.0000000' AS DateTime2), CAST(N'2020-10-20T16:01:19.0000000' AS DateTime2), 0)
GO
INSERT [dbo].[Price] ([ID], [Amount], [EffectiveFrom], [TransactionCodeID], [CreatedOn], [ModifiedOn], [IsDeleted]) VALUES (45, CAST(700.00 AS Decimal(12, 2)), CAST(N'2015-02-01T00:00:00.0000000' AS DateTime2), 23, CAST(N'2020-10-20T16:01:19.0000000' AS DateTime2), CAST(N'2020-10-20T16:01:19.0000000' AS DateTime2), 0)
GO
INSERT [dbo].[Price] ([ID], [Amount], [EffectiveFrom], [TransactionCodeID], [CreatedOn], [ModifiedOn], [IsDeleted]) VALUES (46, CAST(350.00 AS Decimal(12, 2)), CAST(N'2015-02-01T00:00:00.0000000' AS DateTime2), 24, CAST(N'2020-10-20T16:01:19.0000000' AS DateTime2), CAST(N'2020-10-20T16:01:19.0000000' AS DateTime2), 0)
GO
INSERT [dbo].[Price] ([ID], [Amount], [EffectiveFrom], [TransactionCodeID], [CreatedOn], [ModifiedOn], [IsDeleted]) VALUES (47, CAST(565.00 AS Decimal(12, 2)), CAST(N'2015-02-01T00:00:00.0000000' AS DateTime2), 25, CAST(N'2020-10-20T16:01:19.0000000' AS DateTime2), CAST(N'2020-10-20T16:01:19.0000000' AS DateTime2), 0)
GO
INSERT [dbo].[Price] ([ID], [Amount], [EffectiveFrom], [TransactionCodeID], [CreatedOn], [ModifiedOn], [IsDeleted]) VALUES (48, CAST(775.00 AS Decimal(12, 2)), CAST(N'2015-02-01T00:00:00.0000000' AS DateTime2), 26, CAST(N'2020-10-20T16:01:19.0000000' AS DateTime2), CAST(N'2020-10-20T16:01:19.0000000' AS DateTime2), 0)
GO
INSERT [dbo].[Price] ([ID], [Amount], [EffectiveFrom], [TransactionCodeID], [CreatedOn], [ModifiedOn], [IsDeleted]) VALUES (49, CAST(1140.00 AS Decimal(12, 2)), CAST(N'2015-02-01T00:00:00.0000000' AS DateTime2), 27, CAST(N'2020-10-20T16:01:19.0000000' AS DateTime2), CAST(N'2020-10-20T16:01:19.0000000' AS DateTime2), 0)
GO
INSERT [dbo].[Price] ([ID], [Amount], [EffectiveFrom], [TransactionCodeID], [CreatedOn], [ModifiedOn], [IsDeleted]) VALUES (50, CAST(710.00 AS Decimal(12, 2)), CAST(N'2015-02-01T00:00:00.0000000' AS DateTime2), 28, CAST(N'2020-10-20T16:01:19.0000000' AS DateTime2), CAST(N'2020-10-20T16:01:19.0000000' AS DateTime2), 0)
GO
INSERT [dbo].[Price] ([ID], [Amount], [EffectiveFrom], [TransactionCodeID], [CreatedOn], [ModifiedOn], [IsDeleted]) VALUES (51, CAST(710.00 AS Decimal(12, 2)), CAST(N'2015-02-01T00:00:00.0000000' AS DateTime2), 29, CAST(N'2020-10-20T16:01:19.0000000' AS DateTime2), CAST(N'2020-10-20T16:01:19.0000000' AS DateTime2), 0)
GO
INSERT [dbo].[Price] ([ID], [Amount], [EffectiveFrom], [TransactionCodeID], [CreatedOn], [ModifiedOn], [IsDeleted]) VALUES (52, CAST(60.00 AS Decimal(12, 2)), CAST(N'2015-02-01T00:00:00.0000000' AS DateTime2), 30, CAST(N'2020-10-20T16:01:19.0000000' AS DateTime2), CAST(N'2020-10-20T16:01:19.0000000' AS DateTime2), 0)
GO
INSERT [dbo].[Price] ([ID], [Amount], [EffectiveFrom], [TransactionCodeID], [CreatedOn], [ModifiedOn], [IsDeleted]) VALUES (53, CAST(75.00 AS Decimal(12, 2)), CAST(N'2015-02-01T00:00:00.0000000' AS DateTime2), 31, CAST(N'2020-10-20T16:01:19.0000000' AS DateTime2), CAST(N'2020-10-20T16:01:19.0000000' AS DateTime2), 0)
GO
INSERT [dbo].[Price] ([ID], [Amount], [EffectiveFrom], [TransactionCodeID], [CreatedOn], [ModifiedOn], [IsDeleted]) VALUES (54, CAST(364.00 AS Decimal(12, 2)), CAST(N'2015-02-01T00:00:00.0000000' AS DateTime2), 32, CAST(N'2020-10-20T16:01:19.0000000' AS DateTime2), CAST(N'2020-10-20T16:01:19.0000000' AS DateTime2), 0)
GO
INSERT [dbo].[Price] ([ID], [Amount], [EffectiveFrom], [TransactionCodeID], [CreatedOn], [ModifiedOn], [IsDeleted]) VALUES (55, CAST(560.00 AS Decimal(12, 2)), CAST(N'2015-02-01T00:00:00.0000000' AS DateTime2), 33, CAST(N'2020-10-20T16:01:19.0000000' AS DateTime2), CAST(N'2020-10-20T16:01:19.0000000' AS DateTime2), 0)
GO
INSERT [dbo].[Price] ([ID], [Amount], [EffectiveFrom], [TransactionCodeID], [CreatedOn], [ModifiedOn], [IsDeleted]) VALUES (56, CAST(710.00 AS Decimal(12, 2)), CAST(N'2015-02-01T00:00:00.0000000' AS DateTime2), 34, CAST(N'2020-10-20T16:01:19.0000000' AS DateTime2), CAST(N'2020-10-20T16:01:19.0000000' AS DateTime2), 0)
GO
INSERT [dbo].[Price] ([ID], [Amount], [EffectiveFrom], [TransactionCodeID], [CreatedOn], [ModifiedOn], [IsDeleted]) VALUES (57, CAST(750.00 AS Decimal(12, 2)), CAST(N'2015-02-01T00:00:00.0000000' AS DateTime2), 35, CAST(N'2020-10-20T16:01:19.0000000' AS DateTime2), CAST(N'2020-10-20T16:01:19.0000000' AS DateTime2), 0)
GO
INSERT [dbo].[Price] ([ID], [Amount], [EffectiveFrom], [TransactionCodeID], [CreatedOn], [ModifiedOn], [IsDeleted]) VALUES (58, CAST(800.00 AS Decimal(12, 2)), CAST(N'2015-02-01T00:00:00.0000000' AS DateTime2), 36, CAST(N'2020-10-20T16:01:19.0000000' AS DateTime2), CAST(N'2020-10-20T16:01:19.0000000' AS DateTime2), 0)
GO
INSERT [dbo].[Price] ([ID], [Amount], [EffectiveFrom], [TransactionCodeID], [CreatedOn], [ModifiedOn], [IsDeleted]) VALUES (59, CAST(910.00 AS Decimal(12, 2)), CAST(N'2015-02-01T00:00:00.0000000' AS DateTime2), 37, CAST(N'2020-10-20T16:01:19.0000000' AS DateTime2), CAST(N'2020-10-20T16:01:19.0000000' AS DateTime2), 0)
GO
INSERT [dbo].[Price] ([ID], [Amount], [EffectiveFrom], [TransactionCodeID], [CreatedOn], [ModifiedOn], [IsDeleted]) VALUES (60, CAST(1210.00 AS Decimal(12, 2)), CAST(N'2015-02-01T00:00:00.0000000' AS DateTime2), 38, CAST(N'2020-10-20T16:01:19.0000000' AS DateTime2), CAST(N'2020-10-20T16:01:19.0000000' AS DateTime2), 0)
GO
INSERT [dbo].[Price] ([ID], [Amount], [EffectiveFrom], [TransactionCodeID], [CreatedOn], [ModifiedOn], [IsDeleted]) VALUES (61, CAST(40.00 AS Decimal(12, 2)), CAST(N'2015-02-01T00:00:00.0000000' AS DateTime2), 39, CAST(N'2020-10-20T16:01:19.0000000' AS DateTime2), CAST(N'2020-10-20T16:01:19.0000000' AS DateTime2), 0)
GO
INSERT [dbo].[Price] ([ID], [Amount], [EffectiveFrom], [TransactionCodeID], [CreatedOn], [ModifiedOn], [IsDeleted]) VALUES (62, CAST(795.00 AS Decimal(12, 2)), CAST(N'2015-02-01T00:00:00.0000000' AS DateTime2), 40, CAST(N'2020-10-20T16:01:19.0000000' AS DateTime2), CAST(N'2020-10-20T16:01:19.0000000' AS DateTime2), 0)
GO
INSERT [dbo].[Price] ([ID], [Amount], [EffectiveFrom], [TransactionCodeID], [CreatedOn], [ModifiedOn], [IsDeleted]) VALUES (63, CAST(870.00 AS Decimal(12, 2)), CAST(N'2015-02-01T00:00:00.0000000' AS DateTime2), 41, CAST(N'2020-10-20T16:01:19.0000000' AS DateTime2), CAST(N'2020-10-20T16:01:19.0000000' AS DateTime2), 0)
GO
INSERT [dbo].[Price] ([ID], [Amount], [EffectiveFrom], [TransactionCodeID], [CreatedOn], [ModifiedOn], [IsDeleted]) VALUES (64, CAST(980.00 AS Decimal(12, 2)), CAST(N'2015-02-01T00:00:00.0000000' AS DateTime2), 42, CAST(N'2020-10-20T16:01:19.0000000' AS DateTime2), CAST(N'2020-10-20T16:01:19.0000000' AS DateTime2), 0)
GO
INSERT [dbo].[Price] ([ID], [Amount], [EffectiveFrom], [TransactionCodeID], [CreatedOn], [ModifiedOn], [IsDeleted]) VALUES (65, CAST(1975.00 AS Decimal(12, 2)), CAST(N'2015-02-01T00:00:00.0000000' AS DateTime2), 43, CAST(N'2020-10-20T16:01:19.0000000' AS DateTime2), CAST(N'2020-10-20T16:01:19.0000000' AS DateTime2), 0)
GO
INSERT [dbo].[Price] ([ID], [Amount], [EffectiveFrom], [TransactionCodeID], [CreatedOn], [ModifiedOn], [IsDeleted]) VALUES (66, CAST(30.00 AS Decimal(12, 2)), CAST(N'2015-02-01T00:00:00.0000000' AS DateTime2), 44, CAST(N'2020-10-20T16:01:19.0000000' AS DateTime2), CAST(N'2020-10-20T16:01:19.0000000' AS DateTime2), 0)
GO
INSERT [dbo].[Price] ([ID], [Amount], [EffectiveFrom], [TransactionCodeID], [CreatedOn], [ModifiedOn], [IsDeleted]) VALUES (67, CAST(999.00 AS Decimal(12, 2)), CAST(N'2020-10-22T00:00:00.0000000' AS DateTime2), 13, CAST(N'2020-10-21T18:24:48.0000000' AS DateTime2), CAST(N'2020-10-21T18:24:48.0000000' AS DateTime2), 0)
GO
SET IDENTITY_INSERT [dbo].[Price] OFF
GO

SET IDENTITY_INSERT [dbo].[Condition] ON 
GO
INSERT [dbo].[Condition] ([ID], [Index], [Value], [Field], [Operator], [Logical], [TransactionCodeID], [CreatedOn], [ModifiedOn], [IsDeleted]) VALUES (18, 0, N'186', 0, 3, 1, 20, CAST(N'2020-10-20T16:10:41.0000000' AS DateTime2), CAST(N'2020-10-20T16:10:41.0000000' AS DateTime2), 0)
GO
INSERT [dbo].[Condition] ([ID], [Index], [Value], [Field], [Operator], [Logical], [TransactionCodeID], [CreatedOn], [ModifiedOn], [IsDeleted]) VALUES (19, 0, N'186', 0, 2, 1, 20, CAST(N'2020-10-20T16:11:09.0000000' AS DateTime2), CAST(N'2020-10-20T16:11:09.0000000' AS DateTime2), 0)
GO
INSERT [dbo].[Condition] ([ID], [Index], [Value], [Field], [Operator], [Logical], [TransactionCodeID], [CreatedOn], [ModifiedOn], [IsDeleted]) VALUES (20, 0, N'13', 0, 3, 1, 24, CAST(N'2020-10-20T16:11:09.0000000' AS DateTime2), CAST(N'2020-10-20T16:11:09.0000000' AS DateTime2), 0)
GO
INSERT [dbo].[Condition] ([ID], [Index], [Value], [Field], [Operator], [Logical], [TransactionCodeID], [CreatedOn], [ModifiedOn], [IsDeleted]) VALUES (21, 0, N'13', 0, 2, 1, 25, CAST(N'2020-10-20T16:11:09.0000000' AS DateTime2), CAST(N'2020-10-20T16:11:09.0000000' AS DateTime2), 0)
GO
INSERT [dbo].[Condition] ([ID], [Index], [Value], [Field], [Operator], [Logical], [TransactionCodeID], [CreatedOn], [ModifiedOn], [IsDeleted]) VALUES (22, 0, N'186', 0, 3, 1, 26, CAST(N'2020-10-20T16:11:09.0000000' AS DateTime2), CAST(N'2020-10-20T16:11:09.0000000' AS DateTime2), 0)
GO
INSERT [dbo].[Condition] ([ID], [Index], [Value], [Field], [Operator], [Logical], [TransactionCodeID], [CreatedOn], [ModifiedOn], [IsDeleted]) VALUES (23, 0, N'186', 0, 2, 1, 27, CAST(N'2020-10-20T16:11:09.0000000' AS DateTime2), CAST(N'2020-10-20T16:11:09.0000000' AS DateTime2), 0)
GO
INSERT [dbo].[Condition] ([ID], [Index], [Value], [Field], [Operator], [Logical], [TransactionCodeID], [CreatedOn], [ModifiedOn], [IsDeleted]) VALUES (24, 0, N'200', 0, 3, 1, 35, CAST(N'2020-10-20T16:11:09.0000000' AS DateTime2), CAST(N'2020-10-20T16:11:09.0000000' AS DateTime2), 0)
GO
INSERT [dbo].[Condition] ([ID], [Index], [Value], [Field], [Operator], [Logical], [TransactionCodeID], [CreatedOn], [ModifiedOn], [IsDeleted]) VALUES (25, 0, N'200', 0, 2, 1, 36, CAST(N'2020-10-20T16:11:09.0000000' AS DateTime2), CAST(N'2020-10-20T16:11:09.0000000' AS DateTime2), 0)
GO
INSERT [dbo].[Condition] ([ID], [Index], [Value], [Field], [Operator], [Logical], [TransactionCodeID], [CreatedOn], [ModifiedOn], [IsDeleted]) VALUES (26, 1, N'750', 0, 3, 1, 36, CAST(N'2020-10-20T16:11:09.0000000' AS DateTime2), CAST(N'2020-10-20T16:11:09.0000000' AS DateTime2), 0)
GO
INSERT [dbo].[Condition] ([ID], [Index], [Value], [Field], [Operator], [Logical], [TransactionCodeID], [CreatedOn], [ModifiedOn], [IsDeleted]) VALUES (27, 0, N'750', 0, 2, 1, 37, CAST(N'2020-10-20T16:11:09.0000000' AS DateTime2), CAST(N'2020-10-20T16:11:09.0000000' AS DateTime2), 0)
GO
INSERT [dbo].[Condition] ([ID], [Index], [Value], [Field], [Operator], [Logical], [TransactionCodeID], [CreatedOn], [ModifiedOn], [IsDeleted]) VALUES (28, 1, N'2000', 0, 3, 1, 37, CAST(N'2020-10-20T16:11:09.0000000' AS DateTime2), CAST(N'2020-10-20T16:11:09.0000000' AS DateTime2), 0)
GO
INSERT [dbo].[Condition] ([ID], [Index], [Value], [Field], [Operator], [Logical], [TransactionCodeID], [CreatedOn], [ModifiedOn], [IsDeleted]) VALUES (29, 0, N'200', 0, 2, 1, 38, CAST(N'2020-10-20T16:11:09.0000000' AS DateTime2), CAST(N'2020-10-20T16:11:09.0000000' AS DateTime2), 0)
GO
INSERT [dbo].[Condition] ([ID], [Index], [Value], [Field], [Operator], [Logical], [TransactionCodeID], [CreatedOn], [ModifiedOn], [IsDeleted]) VALUES (30, 0, N'200', 0, 3, 1, 40, CAST(N'2020-10-20T16:11:09.0000000' AS DateTime2), CAST(N'2020-10-20T16:11:09.0000000' AS DateTime2), 0)
GO
INSERT [dbo].[Condition] ([ID], [Index], [Value], [Field], [Operator], [Logical], [TransactionCodeID], [CreatedOn], [ModifiedOn], [IsDeleted]) VALUES (31, 0, N'200', 0, 2, 1, 41, CAST(N'2020-10-20T16:11:09.0000000' AS DateTime2), CAST(N'2020-10-20T16:11:09.0000000' AS DateTime2), 0)
GO
INSERT [dbo].[Condition] ([ID], [Index], [Value], [Field], [Operator], [Logical], [TransactionCodeID], [CreatedOn], [ModifiedOn], [IsDeleted]) VALUES (32, 1, N'750', 0, 3, 1, 41, CAST(N'2020-10-20T16:11:09.0000000' AS DateTime2), CAST(N'2020-10-20T16:11:09.0000000' AS DateTime2), 0)
GO
INSERT [dbo].[Condition] ([ID], [Index], [Value], [Field], [Operator], [Logical], [TransactionCodeID], [CreatedOn], [ModifiedOn], [IsDeleted]) VALUES (33, 0, N'750', 0, 2, 1, 42, CAST(N'2020-10-20T16:11:09.0000000' AS DateTime2), CAST(N'2020-10-20T16:11:09.0000000' AS DateTime2), 0)
GO
INSERT [dbo].[Condition] ([ID], [Index], [Value], [Field], [Operator], [Logical], [TransactionCodeID], [CreatedOn], [ModifiedOn], [IsDeleted]) VALUES (34, 1, N'2000', 0, 3, 1, 42, CAST(N'2020-10-20T16:11:09.0000000' AS DateTime2), CAST(N'2020-10-20T16:11:09.0000000' AS DateTime2), 0)
GO
INSERT [dbo].[Condition] ([ID], [Index], [Value], [Field], [Operator], [Logical], [TransactionCodeID], [CreatedOn], [ModifiedOn], [IsDeleted]) VALUES (35, 0, N'200', 0, 2, 1, 43, CAST(N'2020-10-20T16:11:09.0000000' AS DateTime2), CAST(N'2020-10-20T16:11:09.0000000' AS DateTime2), 0)
GO
INSERT [dbo].[Condition] ([ID], [Index], [Value], [Field], [Operator], [Logical], [TransactionCodeID], [CreatedOn], [ModifiedOn], [IsDeleted]) VALUES (36, 0, N'186', 0, 3, 1, 21, CAST(N'2020-10-20T16:40:02.0000000' AS DateTime2), CAST(N'2020-10-20T16:40:02.0000000' AS DateTime2), 0)
GO
SET IDENTITY_INSERT [dbo].[Condition] OFF
GO

SET IDENTITY_INSERT [dbo].[Translations] ON 
GO
INSERT [dbo].[Translations] ([ID], [Locale], [Key], [Text]) VALUES (1, 0, N'AddNewPrice', N'added price effective from {0} with value of {1}')
GO
INSERT [dbo].[Translations] ([ID], [Locale], [Key], [Text]) VALUES (2, 0, N'EditPriceOnly', N'updated the price amount from {0} effective from {1} to {2}')
GO
INSERT [dbo].[Translations] ([ID], [Locale], [Key], [Text]) VALUES (3, 0, N'EditDateOnly', N'updated the effectivity date of price {0} from {1} to {2}')
GO
INSERT [dbo].[Translations] ([ID], [Locale], [Key], [Text]) VALUES (4, 0, N'EditPriseDate', N'update the price amount {0} to {1} and effectivity date from {2} to {3}.')
GO
INSERT [dbo].[Translations] ([ID], [Locale], [Key], [Text]) VALUES (5, 0, N'ApprovedPayment', N'approved the payment.')
GO
INSERT [dbo].[Translations] ([ID], [Locale], [Key], [Text]) VALUES (6, 0, N'RejectedPayment', N'rejected the payment.')
GO
INSERT [dbo].[Translations] ([ID], [Locale], [Key], [Text]) VALUES (7, 0, N'PaymentForReviewTitle', N'Payment')
GO
INSERT [dbo].[Translations] ([ID], [Locale], [Key], [Text]) VALUES (8, 0, N'PaymentForReview', N'Payment received. Pending for verification.')
GO
INSERT [dbo].[Translations] ([ID], [Locale], [Key], [Text]) VALUES (9, 0, N'PaymentAddedNotes', N'Added notes.')
GO
SET IDENTITY_INSERT [dbo].[Translations] OFF
GO